"Text","Date","Time","Draft","Facebook","Twitter/X","LinkedIn","GBP","Instagram","Pinterest","TikTok","Youtube","Threads","Bluesky","Picture Url 1","Picture Url 2","Picture Url 3","Picture Url 4","Picture Url 5","Picture Url 6","Picture Url 7","Picture Url 8","Picture Url 9","Picture Url 10","Alt text picture 1","Alt text picture 2","Alt text picture 3","Alt text picture 4","Alt text picture 5","Alt text picture 6","Alt text picture 7","Alt text picture 8","Alt text picture 9","Alt text picture 10","Document title","Shortener","Video Thumbnail Url","Video Cover Frame","Twitter/X Can reply","Twitter/X Type","Twitter/X Poll Duration minutes","Twitter/X Poll Option 1","Twitter/X Poll Option 2","Twitter/X Poll Option 3","Twitter/X Poll Option 4","Pinterest Board","Pinterest Pin Title","Pinterest Pin Link","Pinterest Pin New Format","Instagram Post Type","Instagram Show Reel On Feed","Youtube Video Title","Youtube Video Type","Youtube Video Privacy","Youtube video for kids","Youtube Video Category","Youtube Video Tags","Youtube playlist","GBP Post Type","Facebook Post Type","Facebook Title","First Comment Text","TikTok Title","TikTok disable comments","TikTok disable duet","TikTok disable stitch","TikTok Post Privacy","TikTok Branded Content","TikTok Your Brand","TikTok Auto Add Music","TikTok Photo Cover Index","TikTok musicId","TikTok music title","TikTok music author","TikTok music previewUrl","TikTok music thumbnailUrl","TikTok music soundVolume","TikTok music originalVolume","TikTok music startMillis","TikTok music endMillis","TikTok Ai generated content","LinkedIn Type","LinkedIn Poll Question","LinkedIn Poll Option 1","LinkedIn Poll Option 2","LinkedIn Poll Option 3","LinkedIn Poll Option 4","LinkedIn Poll Duration","LinkedIn Show link preview","LinkedIn Images as Carousel","Threads Reply Control","Threads Is Spoiler","Threads Post Type","Brand name"
"Mbira music takes centre stage, highlighting Zimbabwe's rich cultural heritage.

The recent festival celebrating traditional mbira music underscores the enduring power of cultural preservation in a rapidly modernising world. This event, reported via NewZimbabwe.com, offers a vital platform for artists and a reminder of the deep roots of Zimbabwean identity, connecting diaspora and those on the continent to an essential part of their heritage.

What does this cultural revival signify for national identity and the creative economy?

Source: NewZimbabwe.com
https://mutapatimes.com/news/2026-09-28-zimbabwean-festival-celebrates-traditional-mbira-music-7cbee2
#Zimbabwe #Mbira #Culture #Arts","2026-09-29","07:00:00","false","false","false","true","false","false","false","false","false","false","false","https://mutapatimes.com/img/cards/zimbabwean-festival-celebrates-traditional-mbira-music-7cbee2.png","","","","","","","","","","Zimbabwean festival celebrates traditional mbira music","","","","","","","","","","","","","","","","","","","","","","","","","","","","","","","","","","","","","","","","","","","","","","","","","","","","","","","","","POST","","","","","","","true","","","","",""
"Our vibrant culture shines through! 🎉

A recent festival celebrated traditional mbira music, keeping Zimbabwe's rich heritage alive and well. It's wonderful to see these sounds cherished and shared. What's your favorite mbira tune?

via NewZimbabwe.com
https://mutapatimes.com/news/2026-09-28-zimbabwean-festival-celebrates-traditional-mbira-music-7cbee2","2026-09-29","09:00:00","false","true","false","false","false","false","false","false","false","false","false","https://mutapatimes.com/img/cards/zimbabwean-festival-celebrates-traditional-mbira-music-7cbee2.png","","","","","","","","","","Zimbabwean festival celebrates traditional mbira music","","","","","","","","","","","","","","","","","","","","","","","","","","","","","","","","","","","POST","","","","","","","","","","","","","","","","","","","","","","","","","","","","","","","","","",""
"Love to see this! Keeping our culture alive 🇿🇼

A Zimbabwean festival is celebrating traditional mbira music.

Such an important way to preserve our heritage and share it with new generations.

via NewZimbabwe.com
https://mutapatimes.com/news/2026-09-28-zimbabwean-festival-celebrates-traditional-mbira-music-7cbee2
#Mbira #TraditionalMusic #Zimbabwe","2026-09-29","10:00:00","false","false","false","false","false","false","false","false","false","true","false","https://mutapatimes.com/img/cards/zimbabwean-festival-celebrates-traditional-mbira-music-7cbee2.png","","","","","","","","","","Zimbabwean festival celebrates traditional mbira music","","","","","","","","","","","","","","","","","","","","","","","","","","","","","","","","","","","","","","","","","","","","","","","","","","","","","","","","","","","","","","","","","","","","POST",""
"Zimbabwe's cultural heritage shines as a festival celebrates traditional mbira music, preserving its unique sound. via NewZimbabwe.com

https://mutapatimes.com/news/2026-09-28-zimbabwean-festival-celebrates-traditional-mbira-music-7cbee2
#Mbira #Zimbabwe #Culture","2026-09-29","05:00:00","false","false","true","false","false","false","false","false","false","false","false","https://mutapatimes.com/img/cards/zimbabwean-festival-celebrates-traditional-mbira-music-7cbee2.png","","","","","","","","","","Zimbabwean festival celebrates traditional mbira music","","","","","","","","","","","","","","","POST","","","","","","","","","","","","","","","","","","","","","","","","","","","","","","","","","","","","","","","","","","","","","","","","","","","","","",""
"The ancient rhythms of Zimbabwe are alive and celebrated!

A vibrant festival recently brought together communities to honor and showcase traditional mbira music. This isn't just about entertainment; it's a powerful preservation of cultural heritage, connecting generations through the soulful sounds of this iconic instrument. 🎶

From seasoned masters to emerging talents, the event highlighted the mbira's enduring significance in Zimbabwean identity and storytelling. It's a beautiful reminder of the rich artistic tapestry woven into the fabric of our nation.

Full briefing — link in bio.
via NewZimbabwe.com
#Zimbabwe #Mbira #TraditionalMusic #CulturalHeritage #ZimCulture #Harare #ZimbabweNews #Africa #ZimDiaspora","2026-09-28","16:00:00","false","false","false","false","false","true","false","false","false","false","false","https://mutapatimes.com/img/cards/zimbabwean-festival-celebrates-traditional-mbira-music-7cbee2-1.png","https://mutapatimes.com/img/cards/newsletter-promo-curation.png","","","","","","","","","Zimbabwean festival celebrates traditional mbira music — headline card","Subscribe to The Mutapa Times briefing — free, Mondays and Thursdays","","","","","","","","","","","","","","","","","","","","","","","","CAROUSEL","","","","","","","","","","","","","","","","","","","","","","","","","","","","","","","","","","","","","","","","","","","",""
"Mbira magic taking over Zim! 🎶 · A new festival is celebrating Zimbabwe's rich traditional mbira music. Don't miss the cultural vibes! · Full story — link in bio. via NewZimbabwe.com #Zimbabwe #Mbira #TraditionalMusic #ZimCulture #MusicFestival #FYP #ZimTok","2026-09-29","09:00:00","false","false","false","false","false","false","false","true","false","false","false","https://mutapatimes.com/img/cards/zimbabwean-festival-celebrates-traditional-mbira-music-7cbee2-1.png","https://mutapatimes.com/img/cards/newsletter-promo-curation.png","","","","","","","","","Zimbabwean festival celebrates traditional mbira music — headline card","Subscribe to The Mutapa Times briefing — free, Mondays and Thursdays","","","","","","","","","","","","","","","","","","","","","","","","","","","","","","","","","","","","","Zimbabwean festival celebrates traditional mbira music","false","false","false","PUBLIC_TO_EVERYONE","false","false","true","0","","","","","","","","","","false","","","","","","","","","","","","",""
"Zimbabwe's wild encounters extend beyond tourism brochures.

A recent incident saw canoers in Zimbabwe come face-to-face with a massive crocodile, a stark reminder of the country's untamed natural beauty and inherent risks. While thrilling for some, it underscores the importance of safety protocols in wildlife-rich areas.

What does this mean for adventure tourism and conservation efforts in Zimbabwe?

Source: a-z-animals.com
https://mutapatimes.com/news/2026-09-28-canoers-come-face-to-face-with-a-massive-crocodile-in-zimbabwe-8c5708
#Zimbabwe #Wildlife #Tourism #Adventure","2026-09-29","08:30:00","false","false","false","true","false","false","false","false","false","false","false","https://mutapatimes.com/img/cards/canoers-come-face-to-face-with-a-massive-crocodile-in-zimbab-8c5708.png","","","","","","","","","","Canoers Come Face-to-Face With a Massive Crocodile in Zimbabwe","","","","","","","","","","","","","","","","","","","","","","","","","","","","","","","","","","","","","","","","","","","","","","","","","","","","","","","","","POST","","","","","","","true","","","","",""
"Talk about an unexpected encounter! 😬 Canoers in Zimbabwe recently had a very close call, coming face-to-face with a massive crocodile. This sounds like an unforgettable, if terrifying, moment on the water.

What would you do if you suddenly saw a huge croc right next to your canoe?

via a-z-animals.com
https://mutapatimes.com/news/2026-09-28-canoers-come-face-to-face-with-a-massive-crocodile-in-zimbabwe-8c5708","2026-09-29","11:00:00","false","true","false","false","false","false","false","false","false","false","false","https://mutapatimes.com/img/cards/canoers-come-face-to-face-with-a-massive-crocodile-in-zimbab-8c5708.png","","","","","","","","","","Canoers Come Face-to-Face With a Massive Crocodile in Zimbabwe","","","","","","","","","","","","","","","","","","","","","","","","","","","","","","","","","","","POST","","","","","","","","","","","","","","","","","","","","","","","","","","","","","","","","","",""
"Canoers Come Face-to-Face With a Massive Crocodile in Zimbabwe

via a-z-animals.com
https://mutapatimes.com/news/2026-09-28-canoers-come-face-to-face-with-a-massive-crocodile-in-zimbabwe-8c5708

#Zimbabwe #ZimDiaspora #MondayBriefing #ZimbabweanDiaspora #AfricaNews","2026-09-28","12:00:00","false","false","false","false","false","false","false","false","false","true","false","https://mutapatimes.com/img/cards/canoers-come-face-to-face-with-a-massive-crocodile-in-zimbab-8c5708.png","","","","","","","","","","Canoers Come Face-to-Face With a Massive Crocodile in Zimbabwe","","","","","","","","","","","","","","","","","","","","","","","","","","","","","","","","","","","","","","","","","","","","","","","","","","","","","","","","","","","","","","","","","","","","POST",""
"Canoers Come Face-to-Face With a Massive Crocodile in Zimbabwe via a-z-animals.com
https://mutapatimes.com/news/2026-09-28-canoers-come-face-to-face-with-a-massive-crocodile-in-zimbabwe-8c5708

#Zimbabwe #ZimDiaspora","2026-09-29","08:00:00","false","false","true","false","false","false","false","false","false","false","false","https://mutapatimes.com/img/cards/canoers-come-face-to-face-with-a-massive-crocodile-in-zimbab-8c5708.png","","","","","","","","","","Canoers Come Face-to-Face With a Massive Crocodile in Zimbabwe","","","","","","","","","","","","","","","POST","","","","","","","","","","","","","","","","","","","","","","","","","","","","","","","","","","","","","","","","","","","","","","","","","","","","","",""
"Canoers Come Face-to-Face With a Massive Crocodile in Zimbabwe

Full briefing — link in bio.
via a-z-animals.com

#Zimbabwe #Africa #ZimDiaspora #ZimbabweanDiaspora #AfricaNews #MondayBriefing #SADC #SouthernAfrica #ZimTwitter #ZimX #Harare #Bulawayo","2026-09-28","17:30:00","false","false","false","false","false","true","false","false","false","false","false","https://mutapatimes.com/img/cards/canoers-come-face-to-face-with-a-massive-crocodile-in-zimbab-8c5708-1.png","https://mutapatimes.com/img/cards/newsletter-promo-time.png","","","","","","","","","Canoers Come Face-to-Face With a Massive Crocodile in Zimbabwe — headline card","Subscribe to The Mutapa Times briefing — free, Mondays and Thursdays","","","","","","","","","","","","","","","","","","","","","","","","CAROUSEL","","","","","","","","","","","","","","","","","","","","","","","","","","","","","","","","","","","","","","","","","","","",""
"Talk about a close encounter! 🐊 Canoers in Zim got a HUGE surprise. · Imagine paddling and seeing that stare back. Wild. · Full story — link in bio. via a-z-animals.com #Zimbabwe #Crocodile #Wildlife #Canoeing #ZimTok #FYP #ZimDiaspora","2026-09-29","11:30:00","false","false","false","false","false","false","false","true","false","false","false","https://mutapatimes.com/img/cards/canoers-come-face-to-face-with-a-massive-crocodile-in-zimbab-8c5708-1.png","https://mutapatimes.com/img/cards/newsletter-promo-time.png","","","","","","","","","Canoers Come Face-to-Face With a Massive Crocodile in Zimbabwe — headline card","Subscribe to The Mutapa Times briefing — free, Mondays and Thursdays","","","","","","","","","","","","","","","","","","","","","","","","","","","","","","","","","","","","","Canoers Come Face-to-Face With a Massive Crocodile in Zimbabwe","false","false","false","PUBLIC_TO_EVERYONE","false","false","true","0","","","","","","","","","","false","","","","","","","","","","","","",""
"Dramatic winners Zimbabwe to end five-year exile by tackling DR Congo

What does this mean for Zimbabwe? Share your thoughts below.

Source: RFI
https://mutapatimes.com/news/2026-09-28-dramatic-winners-zimbabwe-to-end-five-year-exile-by-tackling-dr-congo-310dc6

#Zimbabwe #ZimDiaspora #ZimbabweanDiaspora #AfricaNews","2026-09-29","10:00:00","false","false","false","true","false","false","false","false","false","false","false","https://mutapatimes.com/img/cards/dramatic-winners-zimbabwe-to-end-five-year-exile-by-tackling-310dc6.png","","","","","","","","","","Dramatic winners Zimbabwe to end five-year exile by tackling DR Congo","","","","","","","","","","","","","","","","","","","","","","","","","","","","","","","","","","","","","","","","","","","","","","","","","","","","","","","","","POST","","","","","","","true","","","","",""
"Dramatic winners Zimbabwe to end five-year exile by tackling DR Congo

What do you think?

via RFI
https://mutapatimes.com/news/2026-09-28-dramatic-winners-zimbabwe-to-end-five-year-exile-by-tackling-dr-congo-310dc6

#Zimbabwe #ZimDiaspora #ZimbabweanDiaspora","2026-09-28","13:00:00","false","true","false","false","false","false","false","false","false","false","false","https://mutapatimes.com/img/cards/dramatic-winners-zimbabwe-to-end-five-year-exile-by-tackling-310dc6.png","","","","","","","","","","Dramatic winners Zimbabwe to end five-year exile by tackling DR Congo","","","","","","","","","","","","","","","","","","","","","","","","","","","","","","","","","","","POST","","","","","","","","","","","","","","","","","","","","","","","","","","","","","","","","","",""
"Dramatic winners Zimbabwe to end five-year exile by tackling DR Congo

via RFI
https://mutapatimes.com/news/2026-09-28-dramatic-winners-zimbabwe-to-end-five-year-exile-by-tackling-dr-congo-310dc6

#Zimbabwe #ZimDiaspora #MondayBriefing #ZimbabweanDiaspora #AfricaNews","2026-09-28","14:00:00","false","false","false","false","false","false","false","false","false","true","false","https://mutapatimes.com/img/cards/dramatic-winners-zimbabwe-to-end-five-year-exile-by-tackling-310dc6.png","","","","","","","","","","Dramatic winners Zimbabwe to end five-year exile by tackling DR Congo","","","","","","","","","","","","","","","","","","","","","","","","","","","","","","","","","","","","","","","","","","","","","","","","","","","","","","","","","","","","","","","","","","","","POST",""
"Dramatic winners Zimbabwe to end five-year exile by tackling DR Congo via RFI
https://mutapatimes.com/news/2026-09-28-dramatic-winners-zimbabwe-to-end-five-year-exile-by-tackling-dr-congo-310dc6

#Zimbabwe #ZimDiaspora","2026-09-29","10:00:00","false","false","true","false","false","false","false","false","false","false","false","https://mutapatimes.com/img/cards/dramatic-winners-zimbabwe-to-end-five-year-exile-by-tackling-310dc6.png","","","","","","","","","","Dramatic winners Zimbabwe to end five-year exile by tackling DR Congo","","","","","","","","","","","","","","","POST","","","","","","","","","","","","","","","","","","","","","","","","","","","","","","","","","","","","","","","","","","","","","","","","","","","","","",""
"Dramatic winners Zimbabwe to end five-year exile by tackling DR Congo

Full briefing — link in bio.
via RFI

#Zimbabwe #Africa #ZimDiaspora #ZimbabweanDiaspora #AfricaNews #MondayBriefing #SADC #SouthernAfrica #ZimTwitter #ZimX #Harare #Bulawayo","2026-09-28","19:00:00","false","false","false","false","false","true","false","false","false","false","false","https://mutapatimes.com/img/cards/dramatic-winners-zimbabwe-to-end-five-year-exile-by-tackling-310dc6-1.png","https://mutapatimes.com/img/cards/newsletter-promo-diaspora.png","","","","","","","","","Dramatic winners Zimbabwe to end five-year exile by tackling DR Congo — headline card","Subscribe to The Mutapa Times briefing — free, Mondays and Thursdays","","","","","","","","","","","","","","","","","","","","","","","","CAROUSEL","","","","","","","","","","","","","","","","","","","","","","","","","","","","","","","","","","","","","","","","","","","",""
"Dramatic winners Zimbabwe to end five-year exile by tackling DR Congo · Full story — link in bio. via RFI · #Zimbabwe #Africa #ZimDiaspora #ZimbabweanDiaspora #MondayBriefing #AfricaNews #SADC #SouthernAfrica #ZimTwitter","2026-09-28","15:00:00","false","false","false","false","false","false","false","true","false","false","false","https://mutapatimes.com/img/cards/dramatic-winners-zimbabwe-to-end-five-year-exile-by-tackling-310dc6-1.png","https://mutapatimes.com/img/cards/newsletter-promo-diaspora.png","","","","","","","","","Dramatic winners Zimbabwe to end five-year exile by tackling DR Congo — headline card","Subscribe to The Mutapa Times briefing — free, Mondays and Thursdays","","","","","","","","","","","","","","","","","","","","","","","","","","","","","","","","","","","","","Dramatic winners Zimbabwe to end five-year exile by tackling DR Congo","false","false","false","PUBLIC_TO_EVERYONE","false","false","true","0","","","","","","","","","","false","","","","","","","","","","","","",""
"CAB3 done, is Zimbabwe now gearing for CAB4?

What does this mean for Zimbabwe? Share your thoughts below.

Source: NewZimbabwe.com
https://mutapatimes.com/news/2026-09-28-cab3-done-is-zimbabwe-now-gearing-for-cab4-f8771f

#Zimbabwe #ZimDiaspora #ZimbabweanDiaspora #AfricaNews","2026-09-29","11:30:00","false","false","false","true","false","false","false","false","false","false","false","https://mutapatimes.com/img/cards/cab3-done-is-zimbabwe-now-gearing-for-cab4-f8771f.png","","","","","","","","","","CAB3 done, is Zimbabwe now gearing for CAB4?","","","","","","","","","","","","","","","","","","","","","","","","","","","","","","","","","","","","","","","","","","","","","","","","","","","","","","","","","POST","","","","","","","true","","","","",""
"CAB3 done, is Zimbabwe now gearing for CAB4?

What do you think?

via NewZimbabwe.com
https://mutapatimes.com/news/2026-09-28-cab3-done-is-zimbabwe-now-gearing-for-cab4-f8771f

#Zimbabwe #ZimDiaspora #ZimbabweanDiaspora","2026-09-28","15:00:00","false","true","false","false","false","false","false","false","false","false","false","https://mutapatimes.com/img/cards/cab3-done-is-zimbabwe-now-gearing-for-cab4-f8771f.png","","","","","","","","","","CAB3 done, is Zimbabwe now gearing for CAB4?","","","","","","","","","","","","","","","","","","","","","","","","","","","","","","","","","","","POST","","","","","","","","","","","","","","","","","","","","","","","","","","","","","","","","","",""
"CAB3 done, is Zimbabwe now gearing for CAB4?

via NewZimbabwe.com
https://mutapatimes.com/news/2026-09-28-cab3-done-is-zimbabwe-now-gearing-for-cab4-f8771f

#Zimbabwe #ZimDiaspora #MondayBriefing #ZimbabweanDiaspora #AfricaNews","2026-09-28","16:00:00","false","false","false","false","false","false","false","false","false","true","false","https://mutapatimes.com/img/cards/cab3-done-is-zimbabwe-now-gearing-for-cab4-f8771f.png","","","","","","","","","","CAB3 done, is Zimbabwe now gearing for CAB4?","","","","","","","","","","","","","","","","","","","","","","","","","","","","","","","","","","","","","","","","","","","","","","","","","","","","","","","","","","","","","","","","","","","","POST",""
"CAB3 done, is Zimbabwe now gearing for CAB4? via NewZimbabwe.com
https://mutapatimes.com/news/2026-09-28-cab3-done-is-zimbabwe-now-gearing-for-cab4-f8771f

#Zimbabwe #ZimDiaspora","2026-09-28","13:00:00","false","false","true","false","false","false","false","false","false","false","false","https://mutapatimes.com/img/cards/cab3-done-is-zimbabwe-now-gearing-for-cab4-f8771f.png","","","","","","","","","","CAB3 done, is Zimbabwe now gearing for CAB4?","","","","","","","","","","","","","","","POST","","","","","","","","","","","","","","","","","","","","","","","","","","","","","","","","","","","","","","","","","","","","","","","","","","","","","",""
"CAB3 done, is Zimbabwe now gearing for CAB4?

Full briefing — link in bio.
via NewZimbabwe.com

#Zimbabwe #Africa #ZimDiaspora #ZimbabweanDiaspora #AfricaNews #MondayBriefing #SADC #SouthernAfrica #ZimTwitter #ZimX #Harare #Bulawayo","2026-09-29","08:00:00","false","false","false","false","false","true","false","false","false","false","false","https://mutapatimes.com/img/cards/cab3-done-is-zimbabwe-now-gearing-for-cab4-f8771f-1.png","https://mutapatimes.com/img/cards/newsletter-promo-insider.png","","","","","","","","","CAB3 done, is Zimbabwe now gearing for CAB4? — headline card","Subscribe to The Mutapa Times briefing — free, Mondays and Thursdays","","","","","","","","","","","","","","","","","","","","","","","","CAROUSEL","","","","","","","","","","","","","","","","","","","","","","","","","","","","","","","","","","","","","","","","","","","",""
"CAB3 done, is Zimbabwe now gearing for CAB4? · Full story — link in bio. via NewZimbabwe.com · #Zimbabwe #Africa #ZimDiaspora #ZimbabweanDiaspora #MondayBriefing #AfricaNews #SADC #SouthernAfrica #ZimTwitter","2026-09-28","17:30:00","false","false","false","false","false","false","false","true","false","false","false","https://mutapatimes.com/img/cards/cab3-done-is-zimbabwe-now-gearing-for-cab4-f8771f-1.png","https://mutapatimes.com/img/cards/newsletter-promo-insider.png","","","","","","","","","CAB3 done, is Zimbabwe now gearing for CAB4? — headline card","Subscribe to The Mutapa Times briefing — free, Mondays and Thursdays","","","","","","","","","","","","","","","","","","","","","","","","","","","","","","","","","","","","","CAB3 done, is Zimbabwe now gearing for CAB4?","false","false","false","PUBLIC_TO_EVERYONE","false","false","true","0","","","","","","","","","","false","","","","","","","","","","","","",""
"A data-sharing clause derailed U.S.-Zimbabwe health talks. Now all funding ends this month

What does this mean for Zimbabwe? Share your thoughts below.

Source: Washington Times
https://mutapatimes.com/news/2026-09-28-a-data-sharing-clause-derailed-u-s-zimbabwe-health-talks-now-all-funding-ends-b6c27c

#Zimbabwe #ZimDiaspora #Health #ZimbabweanDiaspora","2026-09-28","13:00:00","false","false","false","true","false","false","false","false","false","false","false","https://mutapatimes.com/img/cards/a-data-sharing-clause-derailed-u-s-zimbabwe-health-talks-now-b6c27c.png","","","","","","","","","","A data-sharing clause derailed U.S.-Zimbabwe health talks. Now all funding ends this month","","","","","","","","","","","","","","","","","","","","","","","","","","","","","","","","","","","","","","","","","","","","","","","","","","","","","","","","","POST","","","","","","","true","","","","",""
"A data-sharing clause derailed U.S.-Zimbabwe health talks. Now all funding ends this month

What do you think?

via Washington Times
https://mutapatimes.com/news/2026-09-28-a-data-sharing-clause-derailed-u-s-zimbabwe-health-talks-now-all-funding-ends-b6c27c

#Zimbabwe #ZimDiaspora #Health","2026-09-28","17:00:00","false","true","false","false","false","false","false","false","false","false","false","https://mutapatimes.com/img/cards/a-data-sharing-clause-derailed-u-s-zimbabwe-health-talks-now-b6c27c.png","","","","","","","","","","A data-sharing clause derailed U.S.-Zimbabwe health talks. Now all funding ends this month","","","","","","","","","","","","","","","","","","","","","","","","","","","","","","","","","","","POST","","","","","","","","","","","","","","","","","","","","","","","","","","","","","","","","","",""
"A data-sharing clause derailed U.S.-Zimbabwe health talks. Now all funding ends this month

via Washington Times
https://mutapatimes.com/news/2026-09-28-a-data-sharing-clause-derailed-u-s-zimbabwe-health-talks-now-all-funding-ends-b6c27c

#Zimbabwe #ZimDiaspora #Health #MondayBriefing #ZimbabweanDiaspora","2026-09-28","18:00:00","false","false","false","false","false","false","false","false","false","true","false","https://mutapatimes.com/img/cards/a-data-sharing-clause-derailed-u-s-zimbabwe-health-talks-now-b6c27c.png","","","","","","","","","","A data-sharing clause derailed U.S.-Zimbabwe health talks. Now all funding ends this month","","","","","","","","","","","","","","","","","","","","","","","","","","","","","","","","","","","","","","","","","","","","","","","","","","","","","","","","","","","","","","","","","","","","POST",""
"A data-sharing clause derailed U.S.-Zimbabwe health talks. Now all funding ends this month via Washington Times
https://mutapatimes.com/news/2026-09-28-a-data-sharing-clause-derailed-u-s-zimbabwe-health-talks-now-all-funding-ends-b6c27c

#Zimbabwe #Health","2026-09-28","16:00:00","false","false","true","false","false","false","false","false","false","false","false","https://mutapatimes.com/img/cards/a-data-sharing-clause-derailed-u-s-zimbabwe-health-talks-now-b6c27c.png","","","","","","","","","","A data-sharing clause derailed U.S.-Zimbabwe health talks. Now all funding ends this month","","","","","","","","","","","","","","","POST","","","","","","","","","","","","","","","","","","","","","","","","","","","","","","","","","","","","","","","","","","","","","","","","","","","","","",""
"A data-sharing clause derailed U.S.-Zimbabwe health talks. Now all funding ends this month

Full briefing — link in bio.
via Washington Times

#Zimbabwe #Africa #ZimDiaspora #ZimbabweanDiaspora #AfricaNews #Health #MondayBriefing #SADC #SouthernAfrica #ZimTwitter #ZimX #Harare","2026-09-28","14:00:00","false","false","false","false","false","true","false","false","false","false","false","https://mutapatimes.com/img/cards/a-data-sharing-clause-derailed-u-s-zimbabwe-health-talks-now-b6c27c-1.png","https://mutapatimes.com/img/cards/newsletter-promo-curation.png","","","","","","","","","A data-sharing clause derailed U.S.-Zimbabwe health talks. Now all funding ends this month — headline card","Subscribe to The Mutapa Times briefing — free, Mondays and Thursdays","","","","","","","","","","","","","","","","","","","","","","","","CAROUSEL","","","","","","","","","","","","","","","","","","","","","","","","","","","","","","","","","","","","","","","","","","","",""
"A data-sharing clause derailed U.S.-Zimbabwe health talks. Now all funding ends this month · Full story — link in bio. via Washington Times · #Zimbabwe #Africa #ZimDiaspora #ZimbabweanDiaspora #Health #MondayBriefing #AfricaNews #SADC #SouthernAfrica","2026-09-28","19:30:00","false","false","false","false","false","false","false","true","false","false","false","https://mutapatimes.com/img/cards/a-data-sharing-clause-derailed-u-s-zimbabwe-health-talks-now-b6c27c-1.png","https://mutapatimes.com/img/cards/newsletter-promo-curation.png","","","","","","","","","A data-sharing clause derailed U.S.-Zimbabwe health talks. Now all funding ends this month — headline card","Subscribe to The Mutapa Times briefing — free, Mondays and Thursdays","","","","","","","","","","","","","","","","","","","","","","","","","","","","","","","","","","","","","A data-sharing clause derailed U.S.-Zimbabwe health talks. Now all funding ends this month","false","false","false","PUBLIC_TO_EVERYONE","false","false","true","0","","","","","","","","","","false","","","","","","","","","","","","",""
"Zimbabwe clones wild fruit trees amid miombo forest loss — Mongabay

What does this mean for Zimbabwe? Share your thoughts below.

Source: UA.NEWS
https://mutapatimes.com/news/2026-09-28-zimbabwe-clones-wild-fruit-trees-amid-miombo-forest-loss-mongabay-0f3a72

#Zimbabwe #ZimDiaspora #ZimbabweanDiaspora #AfricaNews","2026-09-29","07:00:00","false","false","false","true","false","false","false","false","false","false","false","https://mutapatimes.com/img/cards/zimbabwe-clones-wild-fruit-trees-amid-miombo-forest-loss-mon-0f3a72.png","","","","","","","","","","Zimbabwe clones wild fruit trees amid miombo forest loss — Mongabay","","","","","","","","","","","","","","","","","","","","","","","","","","","","","","","","","","","","","","","","","","","","","","","","","","","","","","","","","POST","","","","","","","true","","","","",""
"Zimbabwe clones wild fruit trees amid miombo forest loss — Mongabay

What do you think?

via UA.NEWS
https://mutapatimes.com/news/2026-09-28-zimbabwe-clones-wild-fruit-trees-amid-miombo-forest-loss-mongabay-0f3a72

#Zimbabwe #ZimDiaspora #ZimbabweanDiaspora","2026-09-29","09:00:00","false","true","false","false","false","false","false","false","false","false","false","https://mutapatimes.com/img/cards/zimbabwe-clones-wild-fruit-trees-amid-miombo-forest-loss-mon-0f3a72.png","","","","","","","","","","Zimbabwe clones wild fruit trees amid miombo forest loss — Mongabay","","","","","","","","","","","","","","","","","","","","","","","","","","","","","","","","","","","POST","","","","","","","","","","","","","","","","","","","","","","","","","","","","","","","","","",""
"Zimbabwe clones wild fruit trees amid miombo forest loss — Mongabay

via UA.NEWS
https://mutapatimes.com/news/2026-09-28-zimbabwe-clones-wild-fruit-trees-amid-miombo-forest-loss-mongabay-0f3a72

#Zimbabwe #ZimDiaspora #MondayBriefing #ZimbabweanDiaspora #AfricaNews","2026-09-29","10:00:00","false","false","false","false","false","false","false","false","false","true","false","https://mutapatimes.com/img/cards/zimbabwe-clones-wild-fruit-trees-amid-miombo-forest-loss-mon-0f3a72.png","","","","","","","","","","Zimbabwe clones wild fruit trees amid miombo forest loss — Mongabay","","","","","","","","","","","","","","","","","","","","","","","","","","","","","","","","","","","","","","","","","","","","","","","","","","","","","","","","","","","","","","","","","","","","POST",""
"Zimbabwe clones wild fruit trees amid miombo forest loss — Mongabay via UA.NEWS
https://mutapatimes.com/news/2026-09-28-zimbabwe-clones-wild-fruit-trees-amid-miombo-forest-loss-mongabay-0f3a72

#Zimbabwe #ZimDiaspora","2026-09-28","19:00:00","false","false","true","false","false","false","false","false","false","false","false","https://mutapatimes.com/img/cards/zimbabwe-clones-wild-fruit-trees-amid-miombo-forest-loss-mon-0f3a72.png","","","","","","","","","","Zimbabwe clones wild fruit trees amid miombo forest loss — Mongabay","","","","","","","","","","","","","","","POST","","","","","","","","","","","","","","","","","","","","","","","","","","","","","","","","","","","","","","","","","","","","","","","","","","","","","",""
"Zimbabwe clones wild fruit trees amid miombo forest loss — Mongabay

Full briefing — link in bio.
via UA.NEWS

#Zimbabwe #Africa #ZimDiaspora #ZimbabweanDiaspora #AfricaNews #MondayBriefing #SADC #SouthernAfrica #ZimTwitter #ZimX #Harare #Bulawayo","2026-09-29","16:00:00","false","false","false","false","false","true","false","false","false","false","false","https://mutapatimes.com/img/cards/zimbabwe-clones-wild-fruit-trees-amid-miombo-forest-loss-mon-0f3a72-1.png","https://mutapatimes.com/img/cards/newsletter-promo-time.png","","","","","","","","","Zimbabwe clones wild fruit trees amid miombo forest loss — Mongabay — headline card","Subscribe to The Mutapa Times briefing — free, Mondays and Thursdays","","","","","","","","","","","","","","","","","","","","","","","","CAROUSEL","","","","","","","","","","","","","","","","","","","","","","","","","","","","","","","","","","","","","","","","","","","",""
"Zimbabwe clones wild fruit trees amid miombo forest loss — Mongabay · Full story — link in bio. via UA.NEWS · #Zimbabwe #Africa #ZimDiaspora #ZimbabweanDiaspora #MondayBriefing #AfricaNews #SADC #SouthernAfrica #ZimTwitter","2026-09-29","09:00:00","false","false","false","false","false","false","false","true","false","false","false","https://mutapatimes.com/img/cards/zimbabwe-clones-wild-fruit-trees-amid-miombo-forest-loss-mon-0f3a72-1.png","https://mutapatimes.com/img/cards/newsletter-promo-time.png","","","","","","","","","Zimbabwe clones wild fruit trees amid miombo forest loss — Mongabay — headline card","Subscribe to The Mutapa Times briefing — free, Mondays and Thursdays","","","","","","","","","","","","","","","","","","","","","","","","","","","","","","","","","","","","","Zimbabwe clones wild fruit trees amid miombo forest loss — Mongabay","false","false","false","PUBLIC_TO_EVERYONE","false","false","true","0","","","","","","","","","","false","","","","","","","","","","","","",""
"UN Special Rapporteur on cultural rights to visit Zimbabwe

What does this mean for Zimbabwe? Share your thoughts below.

Source: ohchr
https://mutapatimes.com/news/2026-09-28-un-special-rapporteur-on-cultural-rights-to-visit-zimbabwe-a2d5a1

#Zimbabwe #ZimDiaspora #ZimbabweanDiaspora #AfricaNews","2026-09-29","08:30:00","false","false","false","true","false","false","false","false","false","false","false","https://mutapatimes.com/img/cards/un-special-rapporteur-on-cultural-rights-to-visit-zimbabwe-a2d5a1.png","","","","","","","","","","UN Special Rapporteur on cultural rights to visit Zimbabwe","","","","","","","","","","","","","","","","","","","","","","","","","","","","","","","","","","","","","","","","","","","","","","","","","","","","","","","","","POST","","","","","","","true","","","","",""
"UN Special Rapporteur on cultural rights to visit Zimbabwe

What do you think?

via ohchr
https://mutapatimes.com/news/2026-09-28-un-special-rapporteur-on-cultural-rights-to-visit-zimbabwe-a2d5a1

#Zimbabwe #ZimDiaspora #ZimbabweanDiaspora","2026-09-29","11:00:00","false","true","false","false","false","false","false","false","false","false","false","https://mutapatimes.com/img/cards/un-special-rapporteur-on-cultural-rights-to-visit-zimbabwe-a2d5a1.png","","","","","","","","","","UN Special Rapporteur on cultural rights to visit Zimbabwe","","","","","","","","","","","","","","","","","","","","","","","","","","","","","","","","","","","POST","","","","","","","","","","","","","","","","","","","","","","","","","","","","","","","","","",""
"UN Special Rapporteur on cultural rights to visit Zimbabwe

via ohchr
https://mutapatimes.com/news/2026-09-28-un-special-rapporteur-on-cultural-rights-to-visit-zimbabwe-a2d5a1

#Zimbabwe #ZimDiaspora #MondayBriefing #ZimbabweanDiaspora #AfricaNews","2026-09-29","12:00:00","false","false","false","false","false","false","false","false","false","true","false","https://mutapatimes.com/img/cards/un-special-rapporteur-on-cultural-rights-to-visit-zimbabwe-a2d5a1.png","","","","","","","","","","UN Special Rapporteur on cultural rights to visit Zimbabwe","","","","","","","","","","","","","","","","","","","","","","","","","","","","","","","","","","","","","","","","","","","","","","","","","","","","","","","","","","","","","","","","","","","","POST",""
"UN Special Rapporteur on cultural rights to visit Zimbabwe via ohchr
https://mutapatimes.com/news/2026-09-28-un-special-rapporteur-on-cultural-rights-to-visit-zimbabwe-a2d5a1

#Zimbabwe #ZimDiaspora","2026-09-29","05:00:00","false","false","true","false","false","false","false","false","false","false","false","https://mutapatimes.com/img/cards/un-special-rapporteur-on-cultural-rights-to-visit-zimbabwe-a2d5a1.png","","","","","","","","","","UN Special Rapporteur on cultural rights to visit Zimbabwe","","","","","","","","","","","","","","","POST","","","","","","","","","","","","","","","","","","","","","","","","","","","","","","","","","","","","","","","","","","","","","","","","","","","","","",""
"UN Special Rapporteur on cultural rights to visit Zimbabwe

Full briefing — link in bio.
via ohchr

#Zimbabwe #Africa #ZimDiaspora #ZimbabweanDiaspora #AfricaNews #MondayBriefing #SADC #SouthernAfrica #ZimTwitter #ZimX #Harare #Bulawayo","2026-09-29","17:30:00","false","false","false","false","false","true","false","false","false","false","false","https://mutapatimes.com/img/cards/un-special-rapporteur-on-cultural-rights-to-visit-zimbabwe-a2d5a1-1.png","https://mutapatimes.com/img/cards/newsletter-promo-diaspora.png","","","","","","","","","UN Special Rapporteur on cultural rights to visit Zimbabwe — headline card","Subscribe to The Mutapa Times briefing — free, Mondays and Thursdays","","","","","","","","","","","","","","","","","","","","","","","","CAROUSEL","","","","","","","","","","","","","","","","","","","","","","","","","","","","","","","","","","","","","","","","","","","",""
"UN Special Rapporteur on cultural rights to visit Zimbabwe · Full story — link in bio. via ohchr · #Zimbabwe #Africa #ZimDiaspora #ZimbabweanDiaspora #MondayBriefing #AfricaNews #SADC #SouthernAfrica #ZimTwitter","2026-09-29","11:30:00","false","false","false","false","false","false","false","true","false","false","false","https://mutapatimes.com/img/cards/un-special-rapporteur-on-cultural-rights-to-visit-zimbabwe-a2d5a1-1.png","https://mutapatimes.com/img/cards/newsletter-promo-diaspora.png","","","","","","","","","UN Special Rapporteur on cultural rights to visit Zimbabwe — headline card","Subscribe to The Mutapa Times briefing — free, Mondays and Thursdays","","","","","","","","","","","","","","","","","","","","","","","","","","","","","","","","","","","","","UN Special Rapporteur on cultural rights to visit Zimbabwe","false","false","false","PUBLIC_TO_EVERYONE","false","false","true","0","","","","","","","","","","false","","","","","","","","","","","","",""
"Zimbabwe: National Crisis - Only 20 out of 63 Sewage Plants Functional Across Zimbabwe, Parliament Warns

What does this mean for Zimbabwe? Share your thoughts below.

Source: allAfrica.com
https://mutapatimes.com/news/2026-09-28-zimbabwe-national-crisis-only-20-out-of-63-sewage-plants-functional-across-3526cd

#Zimbabwe #ZimDiaspora #ZimParliament #ZimbabweanDiaspora","2026-09-29","10:00:00","false","false","false","true","false","false","false","false","false","false","false","https://mutapatimes.com/img/cards/zimbabwe-national-crisis-only-20-out-of-63-sewage-plants-fun-3526cd.png","","","","","","","","","","Zimbabwe: National Crisis - Only 20 out of 63 Sewage Plants Functional Across Zimbabwe, Parliament Warns","","","","","","","","","","","","","","","","","","","","","","","","","","","","","","","","","","","","","","","","","","","","","","","","","","","","","","","","","POST","","","","","","","true","","","","",""
"Zimbabwe: National Crisis - Only 20 out of 63 Sewage Plants Functional Across Zimbabwe, Parliament Warns

What do you think?

via allAfrica.com
https://mutapatimes.com/news/2026-09-28-zimbabwe-national-crisis-only-20-out-of-63-sewage-plants-functional-across-3526cd

#Zimbabwe #ZimDiaspora #ZimParliament","2026-09-29","13:00:00","false","true","false","false","false","false","false","false","false","false","false","https://mutapatimes.com/img/cards/zimbabwe-national-crisis-only-20-out-of-63-sewage-plants-fun-3526cd.png","","","","","","","","","","Zimbabwe: National Crisis - Only 20 out of 63 Sewage Plants Functional Across Zimbabwe, Parliament Warns","","","","","","","","","","","","","","","","","","","","","","","","","","","","","","","","","","","POST","","","","","","","","","","","","","","","","","","","","","","","","","","","","","","","","","",""
"Zimbabwe: National Crisis - Only 20 out of 63 Sewage Plants Functional Across Zimbabwe, Parliament Warns

via allAfrica.com
https://mutapatimes.com/news/2026-09-28-zimbabwe-national-crisis-only-20-out-of-63-sewage-plants-functional-across-3526cd

#Zimbabwe #ZimDiaspora #ZimParliament #MondayBriefing #ZimbabweanDiaspora","2026-09-29","14:00:00","false","false","false","false","false","false","false","false","false","true","false","https://mutapatimes.com/img/cards/zimbabwe-national-crisis-only-20-out-of-63-sewage-plants-fun-3526cd.png","","","","","","","","","","Zimbabwe: National Crisis - Only 20 out of 63 Sewage Plants Functional Across Zimbabwe, Parliament Warns","","","","","","","","","","","","","","","","","","","","","","","","","","","","","","","","","","","","","","","","","","","","","","","","","","","","","","","","","","","","","","","","","","","","POST",""
"Zimbabwe: National Crisis - Only 20 out of 63 Sewage Plants Functional Across Zimbabwe, Parliament Warns via allAfrica.com
https://mutapatimes.com/news/2026-09-28-zimbabwe-national-crisis-only-20-out-of-63-sewage-plants-functional-across-3526cd

#Zimbabwe #ZimParliament","2026-09-29","08:00:00","false","false","true","false","false","false","false","false","false","false","false","https://mutapatimes.com/img/cards/zimbabwe-national-crisis-only-20-out-of-63-sewage-plants-fun-3526cd.png","","","","","","","","","","Zimbabwe: National Crisis - Only 20 out of 63 Sewage Plants Functional Across Zimbabwe, Parliament Warns","","","","","","","","","","","","","","","POST","","","","","","","","","","","","","","","","","","","","","","","","","","","","","","","","","","","","","","","","","","","","","","","","","","","","","",""
"Zimbabwe: National Crisis - Only 20 out of 63 Sewage Plants Functional Across Zimbabwe, Parliament Warns

Full briefing — link in bio.
via allAfrica.com

#Zimbabwe #Africa #ZimDiaspora #ZimbabweanDiaspora #AfricaNews #ZimParliament #MondayBriefing #SADC #SouthernAfrica #ZimTwitter #ZimX #Harare","2026-09-29","19:00:00","false","false","false","false","false","true","false","false","false","false","false","https://mutapatimes.com/img/cards/zimbabwe-national-crisis-only-20-out-of-63-sewage-plants-fun-3526cd-1.png","https://mutapatimes.com/img/cards/newsletter-promo-insider.png","","","","","","","","","Zimbabwe: National Crisis - Only 20 out of 63 Sewage Plants Functional Across Zimbabwe, Parliament Warns — headline card","Subscribe to The Mutapa Times briefing — free, Mondays and Thursdays","","","","","","","","","","","","","","","","","","","","","","","","CAROUSEL","","","","","","","","","","","","","","","","","","","","","","","","","","","","","","","","","","","","","","","","","","","",""
"Zimbabwe: National Crisis - Only 20 out of 63 Sewage Plants Functional Across Zimbabwe, Parliament Warns · Full story — link in bio. via allAfrica.com · #Zimbabwe #Africa #ZimDiaspora #ZimbabweanDiaspora #ZimParliament #MondayBriefing #AfricaNews #SADC #SouthernAfrica","2026-09-29","15:00:00","false","false","false","false","false","false","false","true","false","false","false","https://mutapatimes.com/img/cards/zimbabwe-national-crisis-only-20-out-of-63-sewage-plants-fun-3526cd-1.png","https://mutapatimes.com/img/cards/newsletter-promo-insider.png","","","","","","","","","Zimbabwe: National Crisis - Only 20 out of 63 Sewage Plants Functional Across Zimbabwe, Parliament Warns — headline card","Subscribe to The Mutapa Times briefing — free, Mondays and Thursdays","","","","","","","","","","","","","","","","","","","","","","","","","","","","","","","","","","","","","Zimbabwe: National Crisis - Only 20 out of 63 Sewage Plants Functional Across Zimbabwe, P…","false","false","false","PUBLIC_TO_EVERYONE","false","false","true","0","","","","","","","","","","false","","","","","","","","","","","","",""
"UNGA: Mnangagwa outlines Zimbabwe's agenda in Security Council in nearly empty auditorium

What does this mean for Zimbabwe? Share your thoughts below.

Source: NewZimbabwe.com
https://mutapatimes.com/news/2026-09-28-unga-mnangagwa-outlines-zimbabwe-s-agenda-in-security-council-in-nearly-empty-d41193

#Zimbabwe #ZimDiaspora #Mnangagwa #ZimbabweanDiaspora","2026-09-29","11:30:00","false","false","false","true","false","false","false","false","false","false","false","https://mutapatimes.com/img/cards/unga-mnangagwa-outlines-zimbabwe-s-agenda-in-security-counci-d41193.png","","","","","","","","","","UNGA: Mnangagwa outlines Zimbabwe's agenda in Security Council in nearly empty auditorium","","","","","","","","","","","","","","","","","","","","","","","","","","","","","","","","","","","","","","","","","","","","","","","","","","","","","","","","","POST","","","","","","","true","","","","",""
"UNGA: Mnangagwa outlines Zimbabwe's agenda in Security Council in nearly empty auditorium

What do you think?

via NewZimbabwe.com
https://mutapatimes.com/news/2026-09-28-unga-mnangagwa-outlines-zimbabwe-s-agenda-in-security-council-in-nearly-empty-d41193

#Zimbabwe #ZimDiaspora #Mnangagwa","2026-09-29","15:00:00","false","true","false","false","false","false","false","false","false","false","false","https://mutapatimes.com/img/cards/unga-mnangagwa-outlines-zimbabwe-s-agenda-in-security-counci-d41193.png","","","","","","","","","","UNGA: Mnangagwa outlines Zimbabwe's agenda in Security Council in nearly empty auditorium","","","","","","","","","","","","","","","","","","","","","","","","","","","","","","","","","","","POST","","","","","","","","","","","","","","","","","","","","","","","","","","","","","","","","","",""
"UNGA: Mnangagwa outlines Zimbabwe's agenda in Security Council in nearly empty auditorium

via NewZimbabwe.com
https://mutapatimes.com/news/2026-09-28-unga-mnangagwa-outlines-zimbabwe-s-agenda-in-security-council-in-nearly-empty-d41193

#Zimbabwe #ZimDiaspora #Mnangagwa #MondayBriefing #ZimbabweanDiaspora","2026-09-29","16:00:00","false","false","false","false","false","false","false","false","false","true","false","https://mutapatimes.com/img/cards/unga-mnangagwa-outlines-zimbabwe-s-agenda-in-security-counci-d41193.png","","","","","","","","","","UNGA: Mnangagwa outlines Zimbabwe's agenda in Security Council in nearly empty auditorium","","","","","","","","","","","","","","","","","","","","","","","","","","","","","","","","","","","","","","","","","","","","","","","","","","","","","","","","","","","","","","","","","","","","POST",""
"UNGA: Mnangagwa outlines Zimbabwe's agenda in Security Council in nearly empty auditorium via NewZimbabwe.com
https://mutapatimes.com/news/2026-09-28-unga-mnangagwa-outlines-zimbabwe-s-agenda-in-security-council-in-nearly-empty-d41193

#Zimbabwe #Mnangagwa","2026-09-29","10:00:00","false","false","true","false","false","false","false","false","false","false","false","https://mutapatimes.com/img/cards/unga-mnangagwa-outlines-zimbabwe-s-agenda-in-security-counci-d41193.png","","","","","","","","","","UNGA: Mnangagwa outlines Zimbabwe's agenda in Security Council in nearly empty auditorium","","","","","","","","","","","","","","","POST","","","","","","","","","","","","","","","","","","","","","","","","","","","","","","","","","","","","","","","","","","","","","","","","","","","","","",""
"UNGA: Mnangagwa outlines Zimbabwe's agenda in Security Council in nearly empty auditorium

Full briefing — link in bio.
via NewZimbabwe.com

#Zimbabwe #Africa #ZimDiaspora #ZimbabweanDiaspora #AfricaNews #Mnangagwa #MondayBriefing #SADC #SouthernAfrica #ZimTwitter #ZimX #Harare","2026-09-29","08:00:00","false","false","false","false","false","true","false","false","false","false","false","https://mutapatimes.com/img/cards/unga-mnangagwa-outlines-zimbabwe-s-agenda-in-security-counci-d41193-1.png","https://mutapatimes.com/img/cards/newsletter-promo-curation.png","","","","","","","","","UNGA: Mnangagwa outlines Zimbabwe's agenda in Security Council in nearly empty auditorium — headline card","Subscribe to The Mutapa Times briefing — free, Mondays and Thursdays","","","","","","","","","","","","","","","","","","","","","","","","CAROUSEL","","","","","","","","","","","","","","","","","","","","","","","","","","","","","","","","","","","","","","","","","","","",""
"UNGA: Mnangagwa outlines Zimbabwe's agenda in Security Council in nearly empty auditorium · Full story — link in bio. via NewZimbabwe.com · #Zimbabwe #Africa #ZimDiaspora #ZimbabweanDiaspora #Mnangagwa #MondayBriefing #AfricaNews #SADC #SouthernAfrica","2026-09-29","17:30:00","false","false","false","false","false","false","false","true","false","false","false","https://mutapatimes.com/img/cards/unga-mnangagwa-outlines-zimbabwe-s-agenda-in-security-counci-d41193-1.png","https://mutapatimes.com/img/cards/newsletter-promo-curation.png","","","","","","","","","UNGA: Mnangagwa outlines Zimbabwe's agenda in Security Council in nearly empty auditorium — headline card","Subscribe to The Mutapa Times briefing — free, Mondays and Thursdays","","","","","","","","","","","","","","","","","","","","","","","","","","","","","","","","","","","","","UNGA: Mnangagwa outlines Zimbabwe's agenda in Security Council in nearly empty auditorium","false","false","false","PUBLIC_TO_EVERYONE","false","false","true","0","","","","","","","","","","false","","","","","","","","","","","","",""
"Canada vs Zimbabwe | Zimbabwe vs Canada | World Rugby Nations Cup Live

What does this mean for Zimbabwe? Share your thoughts below.

Source: Rugbypass.com
https://mutapatimes.com/news/2026-09-28-canada-vs-zimbabwe-zimbabwe-vs-canada-world-rugby-nations-cup-live-a77920

#Zimbabwe #ZimDiaspora #Rugby #ZimbabweanDiaspora","2026-09-29","13:00:00","false","false","false","true","false","false","false","false","false","false","false","https://mutapatimes.com/img/cards/canada-vs-zimbabwe-zimbabwe-vs-canada-world-rugby-nations-cu-a77920.png","","","","","","","","","","Canada vs Zimbabwe | Zimbabwe vs Canada | World Rugby Nations Cup Live","","","","","","","","","","","","","","","","","","","","","","","","","","","","","","","","","","","","","","","","","","","","","","","","","","","","","","","","","POST","","","","","","","true","","","","",""
"Canada vs Zimbabwe | Zimbabwe vs Canada | World Rugby Nations Cup Live

What do you think?

via Rugbypass.com
https://mutapatimes.com/news/2026-09-28-canada-vs-zimbabwe-zimbabwe-vs-canada-world-rugby-nations-cup-live-a77920

#Zimbabwe #ZimDiaspora #Rugby","2026-09-29","17:00:00","false","true","false","false","false","false","false","false","false","false","false","https://mutapatimes.com/img/cards/canada-vs-zimbabwe-zimbabwe-vs-canada-world-rugby-nations-cu-a77920.png","","","","","","","","","","Canada vs Zimbabwe | Zimbabwe vs Canada | World Rugby Nations Cup Live","","","","","","","","","","","","","","","","","","","","","","","","","","","","","","","","","","","POST","","","","","","","","","","","","","","","","","","","","","","","","","","","","","","","","","",""
"Canada vs Zimbabwe | Zimbabwe vs Canada | World Rugby Nations Cup Live

via Rugbypass.com
https://mutapatimes.com/news/2026-09-28-canada-vs-zimbabwe-zimbabwe-vs-canada-world-rugby-nations-cup-live-a77920

#Zimbabwe #ZimDiaspora #Rugby #MondayBriefing #ZimbabweanDiaspora","2026-09-29","18:00:00","false","false","false","false","false","false","false","false","false","true","false","https://mutapatimes.com/img/cards/canada-vs-zimbabwe-zimbabwe-vs-canada-world-rugby-nations-cu-a77920.png","","","","","","","","","","Canada vs Zimbabwe | Zimbabwe vs Canada | World Rugby Nations Cup Live","","","","","","","","","","","","","","","","","","","","","","","","","","","","","","","","","","","","","","","","","","","","","","","","","","","","","","","","","","","","","","","","","","","","POST",""
"Canada vs Zimbabwe | Zimbabwe vs Canada | World Rugby Nations Cup Live via Rugbypass.com
https://mutapatimes.com/news/2026-09-28-canada-vs-zimbabwe-zimbabwe-vs-canada-world-rugby-nations-cup-live-a77920

#Zimbabwe #Rugby","2026-09-29","13:00:00","false","false","true","false","false","false","false","false","false","false","false","https://mutapatimes.com/img/cards/canada-vs-zimbabwe-zimbabwe-vs-canada-world-rugby-nations-cu-a77920.png","","","","","","","","","","Canada vs Zimbabwe | Zimbabwe vs Canada | World Rugby Nations Cup Live","","","","","","","","","","","","","","","POST","","","","","","","","","","","","","","","","","","","","","","","","","","","","","","","","","","","","","","","","","","","","","","","","","","","","","",""
"Canada vs Zimbabwe | Zimbabwe vs Canada | World Rugby Nations Cup Live

Full briefing — link in bio.
via Rugbypass.com

#Zimbabwe #Africa #ZimDiaspora #ZimbabweanDiaspora #AfricaNews #Rugby #MondayBriefing #SADC #SouthernAfrica #ZimTwitter #ZimX #Harare","2026-09-29","14:00:00","false","false","false","false","false","true","false","false","false","false","false","https://mutapatimes.com/img/cards/canada-vs-zimbabwe-zimbabwe-vs-canada-world-rugby-nations-cu-a77920-1.png","https://mutapatimes.com/img/cards/newsletter-promo-time.png","","","","","","","","","Canada vs Zimbabwe | Zimbabwe vs Canada | World Rugby Nations Cup Live — headline card","Subscribe to The Mutapa Times briefing — free, Mondays and Thursdays","","","","","","","","","","","","","","","","","","","","","","","","CAROUSEL","","","","","","","","","","","","","","","","","","","","","","","","","","","","","","","","","","","","","","","","","","","",""
"Canada vs Zimbabwe | Zimbabwe vs Canada | World Rugby Nations Cup Live · Full story — link in bio. via Rugbypass.com · #Zimbabwe #Africa #ZimDiaspora #ZimbabweanDiaspora #Rugby #MondayBriefing #AfricaNews #SADC #SouthernAfrica","2026-09-29","19:30:00","false","false","false","false","false","false","false","true","false","false","false","https://mutapatimes.com/img/cards/canada-vs-zimbabwe-zimbabwe-vs-canada-world-rugby-nations-cu-a77920-1.png","https://mutapatimes.com/img/cards/newsletter-promo-time.png","","","","","","","","","Canada vs Zimbabwe | Zimbabwe vs Canada | World Rugby Nations Cup Live — headline card","Subscribe to The Mutapa Times briefing — free, Mondays and Thursdays","","","","","","","","","","","","","","","","","","","","","","","","","","","","","","","","","","","","","Canada vs Zimbabwe | Zimbabwe vs Canada | World Rugby Nations Cup Live","false","false","false","PUBLIC_TO_EVERYONE","false","false","true","0","","","","","","","","","","false","","","","","","","","","","","","",""
"One river, two grids: Why Zambia and Zimbabwe need a shared power strategy

What does this mean for Zimbabwe? Share your thoughts below.

Source: Mail & Guardian
https://mutapatimes.com/news/2026-09-28-one-river-two-grids-why-zambia-and-zimbabwe-need-a-shared-power-strategy-4be46b

#Zimbabwe #ZimDiaspora #ZimbabweanDiaspora #AfricaNews","2026-09-30","07:00:00","false","false","false","true","false","false","false","false","false","false","false","https://mutapatimes.com/img/cards/one-river-two-grids-why-zambia-and-zimbabwe-need-a-shared-po-4be46b.png","","","","","","","","","","One river, two grids: Why Zambia and Zimbabwe need a shared power strategy","","","","","","","","","","","","","","","","","","","","","","","","","","","","","","","","","","","","","","","","","","","","","","","","","","","","","","","","","POST","","","","","","","true","","","","",""
"One river, two grids: Why Zambia and Zimbabwe need a shared power strategy

What do you think?

via Mail & Guardian
https://mutapatimes.com/news/2026-09-28-one-river-two-grids-why-zambia-and-zimbabwe-need-a-shared-power-strategy-4be46b

#Zimbabwe #ZimDiaspora #ZimbabweanDiaspora","2026-09-30","09:00:00","false","true","false","false","false","false","false","false","false","false","false","https://mutapatimes.com/img/cards/one-river-two-grids-why-zambia-and-zimbabwe-need-a-shared-po-4be46b.png","","","","","","","","","","One river, two grids: Why Zambia and Zimbabwe need a shared power strategy","","","","","","","","","","","","","","","","","","","","","","","","","","","","","","","","","","","POST","","","","","","","","","","","","","","","","","","","","","","","","","","","","","","","","","",""
"One river, two grids: Why Zambia and Zimbabwe need a shared power strategy

via Mail & Guardian
https://mutapatimes.com/news/2026-09-28-one-river-two-grids-why-zambia-and-zimbabwe-need-a-shared-power-strategy-4be46b

#Zimbabwe #ZimDiaspora #MondayBriefing #ZimbabweanDiaspora #AfricaNews","2026-09-30","10:00:00","false","false","false","false","false","false","false","false","false","true","false","https://mutapatimes.com/img/cards/one-river-two-grids-why-zambia-and-zimbabwe-need-a-shared-po-4be46b.png","","","","","","","","","","One river, two grids: Why Zambia and Zimbabwe need a shared power strategy","","","","","","","","","","","","","","","","","","","","","","","","","","","","","","","","","","","","","","","","","","","","","","","","","","","","","","","","","","","","","","","","","","","","POST",""
"One river, two grids: Why Zambia and Zimbabwe need a shared power strategy via Mail & Guardian
https://mutapatimes.com/news/2026-09-28-one-river-two-grids-why-zambia-and-zimbabwe-need-a-shared-power-strategy-4be46b

#Zimbabwe #ZimDiaspora","2026-09-29","16:00:00","false","false","true","false","false","false","false","false","false","false","false","https://mutapatimes.com/img/cards/one-river-two-grids-why-zambia-and-zimbabwe-need-a-shared-po-4be46b.png","","","","","","","","","","One river, two grids: Why Zambia and Zimbabwe need a shared power strategy","","","","","","","","","","","","","","","POST","","","","","","","","","","","","","","","","","","","","","","","","","","","","","","","","","","","","","","","","","","","","","","","","","","","","","",""
"One river, two grids: Why Zambia and Zimbabwe need a shared power strategy

Full briefing — link in bio.
via Mail & Guardian

#Zimbabwe #Africa #ZimDiaspora #ZimbabweanDiaspora #AfricaNews #MondayBriefing #SADC #SouthernAfrica #ZimTwitter #ZimX #Harare #Bulawayo","2026-09-30","16:00:00","false","false","false","false","false","true","false","false","false","false","false","https://mutapatimes.com/img/cards/one-river-two-grids-why-zambia-and-zimbabwe-need-a-shared-po-4be46b-1.png","https://mutapatimes.com/img/cards/newsletter-promo-diaspora.png","","","","","","","","","One river, two grids: Why Zambia and Zimbabwe need a shared power strategy — headline card","Subscribe to The Mutapa Times briefing — free, Mondays and Thursdays","","","","","","","","","","","","","","","","","","","","","","","","CAROUSEL","","","","","","","","","","","","","","","","","","","","","","","","","","","","","","","","","","","","","","","","","","","",""
"One river, two grids: Why Zambia and Zimbabwe need a shared power strategy · Full story — link in bio. via Mail & Guardian · #Zimbabwe #Africa #ZimDiaspora #ZimbabweanDiaspora #MondayBriefing #AfricaNews #SADC #SouthernAfrica #ZimTwitter","2026-09-30","09:00:00","false","false","false","false","false","false","false","true","false","false","false","https://mutapatimes.com/img/cards/one-river-two-grids-why-zambia-and-zimbabwe-need-a-shared-po-4be46b-1.png","https://mutapatimes.com/img/cards/newsletter-promo-diaspora.png","","","","","","","","","One river, two grids: Why Zambia and Zimbabwe need a shared power strategy — headline card","Subscribe to The Mutapa Times briefing — free, Mondays and Thursdays","","","","","","","","","","","","","","","","","","","","","","","","","","","","","","","","","","","","","One river, two grids: Why Zambia and Zimbabwe need a shared power strategy","false","false","false","PUBLIC_TO_EVERYONE","false","false","true","0","","","","","","","","","","false","","","","","","","","","","","","",""
"(LIVESTREAMs!) Sierra Leone vs Zimbabwe Live Free

What does this mean for Zimbabwe? Share your thoughts below.

Source: czechinvest.gov.cz
https://mutapatimes.com/news/2026-09-28-livestreams-sierra-leone-vs-zimbabwe-live-free-d0cb2d

#Zimbabwe #ZimDiaspora #ZimbabweanDiaspora #AfricaNews","2026-09-30","08:30:00","false","false","false","true","false","false","false","false","false","false","false","https://mutapatimes.com/img/cards/livestreams-sierra-leone-vs-zimbabwe-live-free-d0cb2d.png","","","","","","","","","","(LIVESTREAMs!) Sierra Leone vs Zimbabwe Live Free","","","","","","","","","","","","","","","","","","","","","","","","","","","","","","","","","","","","","","","","","","","","","","","","","","","","","","","","","POST","","","","","","","true","","","","",""
"(LIVESTREAMs!) Sierra Leone vs Zimbabwe Live Free

What do you think?

via czechinvest.gov.cz
https://mutapatimes.com/news/2026-09-28-livestreams-sierra-leone-vs-zimbabwe-live-free-d0cb2d

#Zimbabwe #ZimDiaspora #ZimbabweanDiaspora","2026-09-30","11:00:00","false","true","false","false","false","false","false","false","false","false","false","https://mutapatimes.com/img/cards/livestreams-sierra-leone-vs-zimbabwe-live-free-d0cb2d.png","","","","","","","","","","(LIVESTREAMs!) Sierra Leone vs Zimbabwe Live Free","","","","","","","","","","","","","","","","","","","","","","","","","","","","","","","","","","","POST","","","","","","","","","","","","","","","","","","","","","","","","","","","","","","","","","",""
"(LIVESTREAMs!) Sierra Leone vs Zimbabwe Live Free

via czechinvest.gov.cz
https://mutapatimes.com/news/2026-09-28-livestreams-sierra-leone-vs-zimbabwe-live-free-d0cb2d

#Zimbabwe #ZimDiaspora #MondayBriefing #ZimbabweanDiaspora #AfricaNews","2026-09-30","12:00:00","false","false","false","false","false","false","false","false","false","true","false","https://mutapatimes.com/img/cards/livestreams-sierra-leone-vs-zimbabwe-live-free-d0cb2d.png","","","","","","","","","","(LIVESTREAMs!) Sierra Leone vs Zimbabwe Live Free","","","","","","","","","","","","","","","","","","","","","","","","","","","","","","","","","","","","","","","","","","","","","","","","","","","","","","","","","","","","","","","","","","","","POST",""
"(LIVESTREAMs!) Sierra Leone vs Zimbabwe Live Free via czechinvest.gov.cz
https://mutapatimes.com/news/2026-09-28-livestreams-sierra-leone-vs-zimbabwe-live-free-d0cb2d

#Zimbabwe #ZimDiaspora","2026-09-29","19:00:00","false","false","true","false","false","false","false","false","false","false","false","https://mutapatimes.com/img/cards/livestreams-sierra-leone-vs-zimbabwe-live-free-d0cb2d.png","","","","","","","","","","(LIVESTREAMs!) Sierra Leone vs Zimbabwe Live Free","","","","","","","","","","","","","","","POST","","","","","","","","","","","","","","","","","","","","","","","","","","","","","","","","","","","","","","","","","","","","","","","","","","","","","",""
"(LIVESTREAMs!) Sierra Leone vs Zimbabwe Live Free

Full briefing — link in bio.
via czechinvest.gov.cz

#Zimbabwe #Africa #ZimDiaspora #ZimbabweanDiaspora #AfricaNews #MondayBriefing #SADC #SouthernAfrica #ZimTwitter #ZimX #Harare #Bulawayo","2026-09-30","17:30:00","false","false","false","false","false","true","false","false","false","false","false","https://mutapatimes.com/img/cards/livestreams-sierra-leone-vs-zimbabwe-live-free-d0cb2d-1.png","https://mutapatimes.com/img/cards/newsletter-promo-insider.png","","","","","","","","","(LIVESTREAMs!) Sierra Leone vs Zimbabwe Live Free — headline card","Subscribe to The Mutapa Times briefing — free, Mondays and Thursdays","","","","","","","","","","","","","","","","","","","","","","","","CAROUSEL","","","","","","","","","","","","","","","","","","","","","","","","","","","","","","","","","","","","","","","","","","","",""
"(LIVESTREAMs!) Sierra Leone vs Zimbabwe Live Free · Full story — link in bio. via czechinvest.gov.cz · #Zimbabwe #Africa #ZimDiaspora #ZimbabweanDiaspora #MondayBriefing #AfricaNews #SADC #SouthernAfrica #ZimTwitter","2026-09-30","11:30:00","false","false","false","false","false","false","false","true","false","false","false","https://mutapatimes.com/img/cards/livestreams-sierra-leone-vs-zimbabwe-live-free-d0cb2d-1.png","https://mutapatimes.com/img/cards/newsletter-promo-insider.png","","","","","","","","","(LIVESTREAMs!) Sierra Leone vs Zimbabwe Live Free — headline card","Subscribe to The Mutapa Times briefing — free, Mondays and Thursdays","","","","","","","","","","","","","","","","","","","","","","","","","","","","","","","","","","","","","(LIVESTREAMs!) Sierra Leone vs Zimbabwe Live Free","false","false","false","PUBLIC_TO_EVERYONE","false","false","true","0","","","","","","","","","","false","","","","","","","","","","","","",""
"!+*∇#[+[!LIVESTREAMs!]TV] Zimbabwe vs Sierra Leone ＬｉｖｅＦｒｅｅ ＯＮ Ｔｖ Ｃｈａｎｎｅｌ 24 September 2026

What does this mean for Zimbabwe? Share your thoughts below.

Source: czechinvest.gov.cz
https://mutapatimes.com/news/2026-09-28-livestreams-tv-zimbabwe-vs-sierra-leone-24-september-2026-08921d

#Zimbabwe #ZimDiaspora #ZimbabweanDiaspora #AfricaNews","2026-09-30","10:00:00","false","false","false","true","false","false","false","false","false","false","false","https://mutapatimes.com/img/cards/livestreams-tv-zimbabwe-vs-sierra-leone-24-september-2026-08921d.png","","","","","","","","","","!+*∇#[+[!LIVESTREAMs!]TV] Zimbabwe vs Sierra Leone ＬｉｖｅＦｒｅｅ ＯＮ Ｔｖ Ｃｈａｎｎｅｌ 24 September 2026","","","","","","","","","","","","","","","","","","","","","","","","","","","","","","","","","","","","","","","","","","","","","","","","","","","","","","","","","POST","","","","","","","true","","","","",""
"!+*∇#[+[!LIVESTREAMs!]TV] Zimbabwe vs Sierra Leone ＬｉｖｅＦｒｅｅ ＯＮ Ｔｖ Ｃｈａｎｎｅｌ 24 September 2026

What do you think?

via czechinvest.gov.cz
https://mutapatimes.com/news/2026-09-28-livestreams-tv-zimbabwe-vs-sierra-leone-24-september-2026-08921d

#Zimbabwe #ZimDiaspora #ZimbabweanDiaspora","2026-09-30","13:00:00","false","true","false","false","false","false","false","false","false","false","false","https://mutapatimes.com/img/cards/livestreams-tv-zimbabwe-vs-sierra-leone-24-september-2026-08921d.png","","","","","","","","","","!+*∇#[+[!LIVESTREAMs!]TV] Zimbabwe vs Sierra Leone ＬｉｖｅＦｒｅｅ ＯＮ Ｔｖ Ｃｈａｎｎｅｌ 24 September 2026","","","","","","","","","","","","","","","","","","","","","","","","","","","","","","","","","","","POST","","","","","","","","","","","","","","","","","","","","","","","","","","","","","","","","","",""
"!+*∇#[+[!LIVESTREAMs!]TV] Zimbabwe vs Sierra Leone ＬｉｖｅＦｒｅｅ ＯＮ Ｔｖ Ｃｈａｎｎｅｌ 24 September 2026

via czechinvest.gov.cz
https://mutapatimes.com/news/2026-09-28-livestreams-tv-zimbabwe-vs-sierra-leone-24-september-2026-08921d

#Zimbabwe #ZimDiaspora #MondayBriefing #ZimbabweanDiaspora #AfricaNews","2026-09-30","14:00:00","false","false","false","false","false","false","false","false","false","true","false","https://mutapatimes.com/img/cards/livestreams-tv-zimbabwe-vs-sierra-leone-24-september-2026-08921d.png","","","","","","","","","","!+*∇#[+[!LIVESTREAMs!]TV] Zimbabwe vs Sierra Leone ＬｉｖｅＦｒｅｅ ＯＮ Ｔｖ Ｃｈａｎｎｅｌ 24 September 2026","","","","","","","","","","","","","","","","","","","","","","","","","","","","","","","","","","","","","","","","","","","","","","","","","","","","","","","","","","","","","","","","","","","","POST",""
"!+*∇#[+[!LIVESTREAMs!]TV] Zimbabwe vs Sierra Leone ＬｉｖｅＦｒｅｅ ＯＮ Ｔｖ Ｃｈａｎｎｅｌ 24 September 2026 via czechinvest.gov.cz
https://mutapatimes.com/news/2026-09-28-livestreams-tv-zimbabwe-vs-sierra-leone-24-september-2026-08921d

#Zimbabwe #ZimDiaspora","2026-09-30","05:00:00","false","false","true","false","false","false","false","false","false","false","false","https://mutapatimes.com/img/cards/livestreams-tv-zimbabwe-vs-sierra-leone-24-september-2026-08921d.png","","","","","","","","","","!+*∇#[+[!LIVESTREAMs!]TV] Zimbabwe vs Sierra Leone ＬｉｖｅＦｒｅｅ ＯＮ Ｔｖ Ｃｈａｎｎｅｌ 24 September 2026","","","","","","","","","","","","","","","POST","","","","","","","","","","","","","","","","","","","","","","","","","","","","","","","","","","","","","","","","","","","","","","","","","","","","","",""
"!+*∇#[+[!LIVESTREAMs!]TV] Zimbabwe vs Sierra Leone ＬｉｖｅＦｒｅｅ ＯＮ Ｔｖ Ｃｈａｎｎｅｌ 24 September 2026

Full briefing — link in bio.
via czechinvest.gov.cz

#Zimbabwe #Africa #ZimDiaspora #ZimbabweanDiaspora #AfricaNews #MondayBriefing #SADC #SouthernAfrica #ZimTwitter #ZimX #Harare #Bulawayo","2026-09-30","19:00:00","false","false","false","false","false","true","false","false","false","false","false","https://mutapatimes.com/img/cards/livestreams-tv-zimbabwe-vs-sierra-leone-24-september-2026-08921d-1.png","https://mutapatimes.com/img/cards/newsletter-promo-curation.png","","","","","","","","","!+*∇#[+[!LIVESTREAMs!]TV] Zimbabwe vs Sierra Leone ＬｉｖｅＦｒｅｅ ＯＮ Ｔｖ Ｃｈａｎｎｅｌ 24 September 2026 — headline card","Subscribe to The Mutapa Times briefing — free, Mondays and Thursdays","","","","","","","","","","","","","","","","","","","","","","","","CAROUSEL","","","","","","","","","","","","","","","","","","","","","","","","","","","","","","","","","","","","","","","","","","","",""
"!+*∇#[+[!LIVESTREAMs!]TV] Zimbabwe vs Sierra Leone ＬｉｖｅＦｒｅｅ ＯＮ Ｔｖ Ｃｈａｎｎｅｌ 24 September 2026 · Full story — link in bio. via czechinvest.gov.cz · #Zimbabwe #Africa #ZimDiaspora #ZimbabweanDiaspora #MondayBriefing #AfricaNews #SADC #SouthernAfrica #ZimTwitter","2026-09-30","15:00:00","false","false","false","false","false","false","false","true","false","false","false","https://mutapatimes.com/img/cards/livestreams-tv-zimbabwe-vs-sierra-leone-24-september-2026-08921d-1.png","https://mutapatimes.com/img/cards/newsletter-promo-curation.png","","","","","","","","","!+*∇#[+[!LIVESTREAMs!]TV] Zimbabwe vs Sierra Leone ＬｉｖｅＦｒｅｅ ＯＮ Ｔｖ Ｃｈａｎｎｅｌ 24 September 2026 — headline card","Subscribe to The Mutapa Times briefing — free, Mondays and Thursdays","","","","","","","","","","","","","","","","","","","","","","","","","","","","","","","","","","","","","!+*∇#[+[!LIVESTREAMs!]TV] Zimbabwe vs Sierra Leone ＬｉｖｅＦｒｅｅ ＯＮ Ｔｖ Ｃｈａｎｎｅｌ 24 September 20…","false","false","false","PUBLIC_TO_EVERYONE","false","false","true","0","","","","","","","","","","false","","","","","","","","","","","","",""
"(++LIVE>STREAM..!!) Zimbabwe Sierra Leone 𝐋𝐈𝐕𝐄 𝐒𝐭𝐫𝐞𝐚𝐦 Ｔｖ Ｃｈａｎｎｅｌ 24 September 2026

What does this mean for Zimbabwe? Share your thoughts below.

Source: czechinvest.gov.cz
https://mutapatimes.com/news/2026-09-28-live-stream-zimbabwe-sierra-leone-24-september-2026-137c82

#Zimbabwe #ZimDiaspora #ZimbabweanDiaspora #AfricaNews","2026-09-30","11:30:00","false","false","false","true","false","false","false","false","false","false","false","https://mutapatimes.com/img/cards/live-stream-zimbabwe-sierra-leone-24-september-2026-137c82.png","","","","","","","","","","(++LIVE>STREAM..!!) Zimbabwe Sierra Leone 𝐋𝐈𝐕𝐄 𝐒𝐭𝐫𝐞𝐚𝐦 Ｔｖ Ｃｈａｎｎｅｌ 24 September 2026","","","","","","","","","","","","","","","","","","","","","","","","","","","","","","","","","","","","","","","","","","","","","","","","","","","","","","","","","POST","","","","","","","true","","","","",""
"(++LIVE>STREAM..!!) Zimbabwe Sierra Leone 𝐋𝐈𝐕𝐄 𝐒𝐭𝐫𝐞𝐚𝐦 Ｔｖ Ｃｈａｎｎｅｌ 24 September 2026

What do you think?

via czechinvest.gov.cz
https://mutapatimes.com/news/2026-09-28-live-stream-zimbabwe-sierra-leone-24-september-2026-137c82

#Zimbabwe #ZimDiaspora #ZimbabweanDiaspora","2026-09-30","15:00:00","false","true","false","false","false","false","false","false","false","false","false","https://mutapatimes.com/img/cards/live-stream-zimbabwe-sierra-leone-24-september-2026-137c82.png","","","","","","","","","","(++LIVE>STREAM..!!) Zimbabwe Sierra Leone 𝐋𝐈𝐕𝐄 𝐒𝐭𝐫𝐞𝐚𝐦 Ｔｖ Ｃｈａｎｎｅｌ 24 September 2026","","","","","","","","","","","","","","","","","","","","","","","","","","","","","","","","","","","POST","","","","","","","","","","","","","","","","","","","","","","","","","","","","","","","","","",""
"(++LIVE>STREAM..!!) Zimbabwe Sierra Leone 𝐋𝐈𝐕𝐄 𝐒𝐭𝐫𝐞𝐚𝐦 Ｔｖ Ｃｈａｎｎｅｌ 24 September 2026

via czechinvest.gov.cz
https://mutapatimes.com/news/2026-09-28-live-stream-zimbabwe-sierra-leone-24-september-2026-137c82

#Zimbabwe #ZimDiaspora #MondayBriefing #ZimbabweanDiaspora #AfricaNews","2026-09-30","16:00:00","false","false","false","false","false","false","false","false","false","true","false","https://mutapatimes.com/img/cards/live-stream-zimbabwe-sierra-leone-24-september-2026-137c82.png","","","","","","","","","","(++LIVE>STREAM..!!) Zimbabwe Sierra Leone 𝐋𝐈𝐕𝐄 𝐒𝐭𝐫𝐞𝐚𝐦 Ｔｖ Ｃｈａｎｎｅｌ 24 September 2026","","","","","","","","","","","","","","","","","","","","","","","","","","","","","","","","","","","","","","","","","","","","","","","","","","","","","","","","","","","","","","","","","","","","POST",""
"(++LIVE>STREAM..!!) Zimbabwe Sierra Leone 𝐋𝐈𝐕𝐄 𝐒𝐭𝐫𝐞𝐚𝐦 Ｔｖ Ｃｈａｎｎｅｌ 24 September 2026 via czechinvest.gov.cz
https://mutapatimes.com/news/2026-09-28-live-stream-zimbabwe-sierra-leone-24-september-2026-137c82

#Zimbabwe #ZimDiaspora","2026-09-30","08:00:00","false","false","true","false","false","false","false","false","false","false","false","https://mutapatimes.com/img/cards/live-stream-zimbabwe-sierra-leone-24-september-2026-137c82.png","","","","","","","","","","(++LIVE>STREAM..!!) Zimbabwe Sierra Leone 𝐋𝐈𝐕𝐄 𝐒𝐭𝐫𝐞𝐚𝐦 Ｔｖ Ｃｈａｎｎｅｌ 24 September 2026","","","","","","","","","","","","","","","POST","","","","","","","","","","","","","","","","","","","","","","","","","","","","","","","","","","","","","","","","","","","","","","","","","","","","","",""
"(++LIVE>STREAM..!!) Zimbabwe Sierra Leone 𝐋𝐈𝐕𝐄 𝐒𝐭𝐫𝐞𝐚𝐦 Ｔｖ Ｃｈａｎｎｅｌ 24 September 2026

Full briefing — link in bio.
via czechinvest.gov.cz

#Zimbabwe #Africa #ZimDiaspora #ZimbabweanDiaspora #AfricaNews #MondayBriefing #SADC #SouthernAfrica #ZimTwitter #ZimX #Harare #Bulawayo","2026-09-30","08:00:00","false","false","false","false","false","true","false","false","false","false","false","https://mutapatimes.com/img/cards/live-stream-zimbabwe-sierra-leone-24-september-2026-137c82-1.png","https://mutapatimes.com/img/cards/newsletter-promo-time.png","","","","","","","","","(++LIVE>STREAM..!!) Zimbabwe Sierra Leone 𝐋𝐈𝐕𝐄 𝐒𝐭𝐫𝐞𝐚𝐦 Ｔｖ Ｃｈａｎｎｅｌ 24 September 2026 — headline card","Subscribe to The Mutapa Times briefing — free, Mondays and Thursdays","","","","","","","","","","","","","","","","","","","","","","","","CAROUSEL","","","","","","","","","","","","","","","","","","","","","","","","","","","","","","","","","","","","","","","","","","","",""
"(++LIVE>STREAM..!!) Zimbabwe Sierra Leone 𝐋𝐈𝐕𝐄 𝐒𝐭𝐫𝐞𝐚𝐦 Ｔｖ Ｃｈａｎｎｅｌ 24 September 2026 · Full story — link in bio. via czechinvest.gov.cz · #Zimbabwe #Africa #ZimDiaspora #ZimbabweanDiaspora #MondayBriefing #AfricaNews #SADC #SouthernAfrica #ZimTwitter","2026-09-30","17:30:00","false","false","false","false","false","false","false","true","false","false","false","https://mutapatimes.com/img/cards/live-stream-zimbabwe-sierra-leone-24-september-2026-137c82-1.png","https://mutapatimes.com/img/cards/newsletter-promo-time.png","","","","","","","","","(++LIVE>STREAM..!!) Zimbabwe Sierra Leone 𝐋𝐈𝐕𝐄 𝐒𝐭𝐫𝐞𝐚𝐦 Ｔｖ Ｃｈａｎｎｅｌ 24 September 2026 — headline card","Subscribe to The Mutapa Times briefing — free, Mondays and Thursdays","","","","","","","","","","","","","","","","","","","","","","","","","","","","","","","","","","","","","(++LIVE>STREAM..!!) Zimbabwe Sierra Leone 𝐋𝐈𝐕𝐄 𝐒𝐭𝐫𝐞𝐚𝐦 Ｔｖ Ｃｈａｎｎｅｌ 24 September 2026","false","false","false","PUBLIC_TO_EVERYONE","false","false","true","0","","","","","","","","","","false","","","","","","","","","","","","",""
"DIRECT. Sierra Leone - Zimbabwe regarder en direct Live du Jeudi 24 septembre 2026

What does this mean for Zimbabwe? Share your thoughts below.

Source: czechinvest.gov.cz
https://mutapatimes.com/news/2026-09-28-direct-sierra-leone-zimbabwe-regarder-en-direct-live-du-jeudi-24-septembre-2026-241b2f

#Zimbabwe #ZimDiaspora #ZimbabweanDiaspora #AfricaNews","2026-09-30","13:00:00","false","false","false","true","false","false","false","false","false","false","false","https://mutapatimes.com/img/cards/direct-sierra-leone-zimbabwe-regarder-en-direct-live-du-jeud-241b2f.png","","","","","","","","","","DIRECT. Sierra Leone - Zimbabwe regarder en direct Live du Jeudi 24 septembre 2026","","","","","","","","","","","","","","","","","","","","","","","","","","","","","","","","","","","","","","","","","","","","","","","","","","","","","","","","","POST","","","","","","","true","","","","",""
"DIRECT. Sierra Leone - Zimbabwe regarder en direct Live du Jeudi 24 septembre 2026

What do you think?

via czechinvest.gov.cz
https://mutapatimes.com/news/2026-09-28-direct-sierra-leone-zimbabwe-regarder-en-direct-live-du-jeudi-24-septembre-2026-241b2f

#Zimbabwe #ZimDiaspora #ZimbabweanDiaspora","2026-09-30","17:00:00","false","true","false","false","false","false","false","false","false","false","false","https://mutapatimes.com/img/cards/direct-sierra-leone-zimbabwe-regarder-en-direct-live-du-jeud-241b2f.png","","","","","","","","","","DIRECT. Sierra Leone - Zimbabwe regarder en direct Live du Jeudi 24 septembre 2026","","","","","","","","","","","","","","","","","","","","","","","","","","","","","","","","","","","POST","","","","","","","","","","","","","","","","","","","","","","","","","","","","","","","","","",""
"DIRECT. Sierra Leone - Zimbabwe regarder en direct Live du Jeudi 24 septembre 2026

via czechinvest.gov.cz
https://mutapatimes.com/news/2026-09-28-direct-sierra-leone-zimbabwe-regarder-en-direct-live-du-jeudi-24-septembre-2026-241b2f

#Zimbabwe #ZimDiaspora #MondayBriefing #ZimbabweanDiaspora #AfricaNews","2026-09-30","18:00:00","false","false","false","false","false","false","false","false","false","true","false","https://mutapatimes.com/img/cards/direct-sierra-leone-zimbabwe-regarder-en-direct-live-du-jeud-241b2f.png","","","","","","","","","","DIRECT. Sierra Leone - Zimbabwe regarder en direct Live du Jeudi 24 septembre 2026","","","","","","","","","","","","","","","","","","","","","","","","","","","","","","","","","","","","","","","","","","","","","","","","","","","","","","","","","","","","","","","","","","","","POST",""
"DIRECT. Sierra Leone - Zimbabwe regarder en direct Live du Jeudi 24 septembre 2026 via czechinvest.gov.cz
https://mutapatimes.com/news/2026-09-28-direct-sierra-leone-zimbabwe-regarder-en-direct-live-du-jeudi-24-septembre-2026-241b2f

#Zimbabwe #ZimDiaspora","2026-09-30","10:00:00","false","false","true","false","false","false","false","false","false","false","false","https://mutapatimes.com/img/cards/direct-sierra-leone-zimbabwe-regarder-en-direct-live-du-jeud-241b2f.png","","","","","","","","","","DIRECT. Sierra Leone - Zimbabwe regarder en direct Live du Jeudi 24 septembre 2026","","","","","","","","","","","","","","","POST","","","","","","","","","","","","","","","","","","","","","","","","","","","","","","","","","","","","","","","","","","","","","","","","","","","","","",""
"DIRECT. Sierra Leone - Zimbabwe regarder en direct Live du Jeudi 24 septembre 2026

Full briefing — link in bio.
via czechinvest.gov.cz

#Zimbabwe #Africa #ZimDiaspora #ZimbabweanDiaspora #AfricaNews #MondayBriefing #SADC #SouthernAfrica #ZimTwitter #ZimX #Harare #Bulawayo","2026-09-30","14:00:00","false","false","false","false","false","true","false","false","false","false","false","https://mutapatimes.com/img/cards/direct-sierra-leone-zimbabwe-regarder-en-direct-live-du-jeud-241b2f-1.png","https://mutapatimes.com/img/cards/newsletter-promo-diaspora.png","","","","","","","","","DIRECT. Sierra Leone - Zimbabwe regarder en direct Live du Jeudi 24 septembre 2026 — headline card","Subscribe to The Mutapa Times briefing — free, Mondays and Thursdays","","","","","","","","","","","","","","","","","","","","","","","","CAROUSEL","","","","","","","","","","","","","","","","","","","","","","","","","","","","","","","","","","","","","","","","","","","",""
"DIRECT. Sierra Leone - Zimbabwe regarder en direct Live du Jeudi 24 septembre 2026 · Full story — link in bio. via czechinvest.gov.cz · #Zimbabwe #Africa #ZimDiaspora #ZimbabweanDiaspora #MondayBriefing #AfricaNews #SADC #SouthernAfrica #ZimTwitter","2026-09-30","19:30:00","false","false","false","false","false","false","false","true","false","false","false","https://mutapatimes.com/img/cards/direct-sierra-leone-zimbabwe-regarder-en-direct-live-du-jeud-241b2f-1.png","https://mutapatimes.com/img/cards/newsletter-promo-diaspora.png","","","","","","","","","DIRECT. Sierra Leone - Zimbabwe regarder en direct Live du Jeudi 24 septembre 2026 — headline card","Subscribe to The Mutapa Times briefing — free, Mondays and Thursdays","","","","","","","","","","","","","","","","","","","","","","","","","","","","","","","","","","","","","DIRECT. Sierra Leone - Zimbabwe regarder en direct Live du Jeudi 24 septembre 2026","false","false","false","PUBLIC_TO_EVERYONE","false","false","true","0","","","","","","","","","","false","","","","","","","","","","","","",""
"30+ sources, one briefing.

The Mutapa Times Briefing curates Zimbabwean news from 30+ foreign sources. Mondays + Thursdays. Free. 5-minute read.

Built for the diaspora and informed Africa-watchers.

https://mutapatimes.com/subscribe.html

#Zimbabwe #Africa #News #Diaspora","2026-09-28","14:30:00","false","false","false","true","false","false","false","false","false","false","false","https://mutapatimes.com/img/cards/newsletter-promo-curation.png","","","","","","","","","","Subscribe — 30+ sources, one briefing","","","","","","","","","","","","","","","","","","","","","","","","","","","","","","","","","","","","","","","","","","","","","","","","","","","","","","","","","POST","","","","","","","true","","","","",""
"5 minutes. Twice a week..

The Mutapa Times Briefing curates Zimbabwean news from 30+ foreign sources. Mondays + Thursdays. Free. 5-minute read.

Built for the diaspora and informed Africa-watchers.

https://mutapatimes.com/subscribe.html

#Zimbabwe #Africa #News #Diaspora","2026-09-29","14:30:00","false","false","false","true","false","false","false","false","false","false","false","https://mutapatimes.com/img/cards/newsletter-promo-time.png","","","","","","","","","","Subscribe — 5 minutes. Twice a week.","","","","","","","","","","","","","","","","","","","","","","","","","","","","","","","","","","","","","","","","","","","","","","","","","","","","","","","","","POST","","","","","","","true","","","","",""
"Southern Africa outside-in.

The Mutapa Times Briefing curates Zimbabwean news from 30+ foreign sources. Mondays + Thursdays. Free. 5-minute read.

Built for the diaspora and informed Africa-watchers.

https://mutapatimes.com/subscribe.html

#Zimbabwe #Africa #News #Diaspora","2026-09-30","14:30:00","false","false","false","true","false","false","false","false","false","false","false","https://mutapatimes.com/img/cards/newsletter-promo-diaspora.png","","","","","","","","","","Subscribe — Southern Africa outside-in","","","","","","","","","","","","","","","","","","","","","","","","","","","","","","","","","","","","","","","","","","","","","","","","","","","","","","","","","POST","","","","","","","true","","","","",""
"Know what's moving — first.

The Mutapa Times Briefing curates Zimbabwean news from 30+ foreign sources. Mondays + Thursdays. Free. 5-minute read.

Built for the diaspora and informed Africa-watchers.

https://mutapatimes.com/subscribe.html

#Zimbabwe #Africa #News #Diaspora","2026-09-30","17:30:00","false","false","false","true","false","false","false","false","false","false","false","https://mutapatimes.com/img/cards/newsletter-promo-insider.png","","","","","","","","","","Subscribe — Know what's moving — first","","","","","","","","","","","","","","","","","","","","","","","","","","","","","","","","","","","","","","","","","","","","","","","","","","","","","","","","","POST","","","","","","","true","","","","",""
"30+ sources, one briefing.

The Mutapa Times Briefing — free, twice a week, 5-minute read. Curated Zimbabwe news for the diaspora.

Tag a friend who needs this.

https://mutapatimes.com/subscribe.html","2026-09-28","14:30:00","false","true","false","false","false","false","false","false","false","false","false","https://mutapatimes.com/img/cards/newsletter-promo-curation.png","","","","","","","","","","Subscribe — 30+ sources, one briefing","","","","","","","","","","","","","","","","","","","","","","","","","","","","","","","","","","","POST","","","","","","","","","","","","","","","","","","","","","","","","","","","","","","","","","",""
"5 minutes. Twice a week..

The Mutapa Times Briefing — free, twice a week, 5-minute read. Curated Zimbabwe news for the diaspora.

Tag a friend who needs this.

https://mutapatimes.com/subscribe.html","2026-09-29","14:30:00","false","true","false","false","false","false","false","false","false","false","false","https://mutapatimes.com/img/cards/newsletter-promo-time.png","","","","","","","","","","Subscribe — 5 minutes. Twice a week.","","","","","","","","","","","","","","","","","","","","","","","","","","","","","","","","","","","POST","","","","","","","","","","","","","","","","","","","","","","","","","","","","","","","","","",""
"Southern Africa outside-in.

The Mutapa Times Briefing — free, twice a week, 5-minute read. Curated Zimbabwe news for the diaspora.

Tag a friend who needs this.

https://mutapatimes.com/subscribe.html","2026-09-30","14:30:00","false","true","false","false","false","false","false","false","false","false","false","https://mutapatimes.com/img/cards/newsletter-promo-diaspora.png","","","","","","","","","","Subscribe — Southern Africa outside-in","","","","","","","","","","","","","","","","","","","","","","","","","","","","","","","","","","","POST","","","","","","","","","","","","","","","","","","","","","","","","","","","","","","","","","",""
"Staying ahead on Zimbabwe requires more than headlines. The Mutapa Times Briefing delivers twice-weekly, in-depth analysis on lithium bans, ZiG policy, and Cabinet shifts – crucial insights for analysts, investors, journalists, and NGO/dev professionals. Get the context before the mainstream.

Tag someone who'd appreciate this clarity.

https://mutapatimes.com/subscribe.html","2026-09-30","17:30:00","false","true","false","false","false","false","false","false","false","false","false","https://mutapatimes.com/img/cards/newsletter-promo-insider.png","","","","","","","","","","Subscribe — Know what's moving — first","","","","","","","","","","","","","","","","","","","","","","","","","","","","","","","","","","","POST","","","","","","","","","","","","","","","","","","","","","","","","","","","","","","","","","",""
"30+ sources, one briefing 🇿🇼

The Mutapa Times Briefing. Curated Zim news. Free. Mon + Thu.

https://mutapatimes.com/subscribe.html

#Zimbabwe","2026-09-28","14:30:00","false","false","false","false","false","false","false","false","false","true","false","https://mutapatimes.com/img/cards/newsletter-promo-curation.png","","","","","","","","","","Subscribe — 30+ sources, one briefing","","","","","","","","","","","","","","","","","","","","","","","","","","","","","","","","","","","","","","","","","","","","","","","","","","","","","","","","","","","","","","","","","","","","POST",""
"Your news tabs are out of control. We fixed it. 😤

Get smart, stay informed. The Mutapa Times Briefing:
⚡️ 5-minute read
🗓️ Mon & Thurs
✅ No fluff, no endless tabs. Just what you need.

https://mutapatimes.com/subscribe.html
#NewsBrief #TimeSaver","2026-09-29","14:30:00","false","false","false","false","false","false","false","false","false","true","false","https://mutapatimes.com/img/cards/newsletter-promo-time.png","","","","","","","","","","Subscribe — 5 minutes. Twice a week.","","","","","","","","","","","","","","","","","","","","","","","","","","","","","","","","","","","","","","","","","","","","","","","","","","","","","","","","","","","","","","","","","","","","POST",""
"Missing home a little extra today? 🇿🇼

For every Zimbabwean abroad – UK, US, SA, Aus – stay connected. From Harare to Bulawayo, the economy to the rugby squad, the music charts.

This is your weekly dose of home, wherever you are.

https://mutapatimes.com/subscribe.html

#DiasporaZim","2026-09-30","14:30:00","false","false","false","false","false","false","false","false","false","true","false","https://mutapatimes.com/img/cards/newsletter-promo-diaspora.png","","","","","","","","","","Subscribe — Southern Africa outside-in","","","","","","","","","","","","","","","","","","","","","","","","","","","","","","","","","","","","","","","","","","","","","","","","","","","","","","","","","","","","","","","","","","","","POST",""
"Zimbabwe's policy shifts are complex. You need better intel. 🧠

Our briefing cuts through the noise. Lithium bans, ZiG monetary policy, mining licenses, Cabinet shuffles – get the critical analysis you need, often before the mainstream. Essential for serious analysts, investors, journalists, and NGO/dev workers.

https://mutapatimes.com/subscribe.html","2026-09-30","17:30:00","false","false","false","false","false","false","false","false","false","true","false","https://mutapatimes.com/img/cards/newsletter-promo-insider.png","","","","","","","","","","Subscribe — Know what's moving — first","","","","","","","","","","","","","","","","","","","","","","","","","","","","","","","","","","","","","","","","","","","","","","","","","","","","","","","","","","","","","","","","","","","","POST",""
"Tired of news overload? We filter The Guardian, Reuters, NYT, Bloomberg, Al Jazeera, Herald & 30+ outlets to bring you the ~10-15 stories that genuinely matter for Zimbabwe each week. Get The Mutapa Times Briefing.

https://mutapatimes.com/subscribe.html","2026-09-28","14:30:00","false","false","true","false","false","false","false","false","false","false","false","https://mutapatimes.com/img/cards/newsletter-promo-curation.png","","","","","","","","","","Subscribe — 30+ sources, one briefing","","","","","","","","","","","","","","","POST","","","","","","","","","","","","","","","","","","","","","","","","","","","","","","","","","","","","","","","","","","","","","","","","","","","","","",""
"Busy? Ditch 14 tabs & endless scrolling. Get informed in 5 minutes, Mon & Thurs. No fluff, just facts. The Mutapa Times Briefing is your time-saving solution. Stay sharp, stay ahead.

https://mutapatimes.com/subscribe.html","2026-09-29","14:30:00","false","false","true","false","false","false","false","false","false","false","false","https://mutapatimes.com/img/cards/newsletter-promo-time.png","","","","","","","","","","Subscribe — 5 minutes. Twice a week.","","","","","","","","","","","","","","","POST","","","","","","","","","","","","","","","","","","","","","","","","","","","","","","","","","","","","","","","","","","","","","","","","","","","","","",""
"Southern Africa outside-in 🇿🇼 The Mutapa Times Briefing. Free Zim news, twice a week.
https://mutapatimes.com/subscribe.html","2026-09-30","14:30:00","false","false","true","false","false","false","false","false","false","false","false","https://mutapatimes.com/img/cards/newsletter-promo-diaspora.png","","","","","","","","","","Subscribe — Southern Africa outside-in","","","","","","","","","","","","","","","POST","","","","","","","","","","","","","","","","","","","","","","","","","","","","","","","","","","","","","","","","","","","","","","","","","","","","","",""
"Know what's moving — first 🇿🇼 The Mutapa Times Briefing. Free Zim news, twice a week.
https://mutapatimes.com/subscribe.html","2026-09-30","17:30:00","false","false","true","false","false","false","false","false","false","false","false","https://mutapatimes.com/img/cards/newsletter-promo-insider.png","","","","","","","","","","Subscribe — Know what's moving — first","","","","","","","","","","","","","","","POST","","","","","","","","","","","","","","","","","","","","","","","","","","","","","","","","","","","","","","","","","","","","","","","","","","","","","",""
"30+ sources, one briefing 🇿🇼

The Mutapa Times Briefing is a free, twice-weekly Zimbabwe news email. 30+ sources, curated down to the 10-15 stories that actually matter.

Mondays and Thursdays. 5-minute read.

Tap the link in our bio to subscribe — it's free.

#Zimbabwe #ZimbabweNews #Africa #ZimDiaspora #Newsletter #Harare #Bulawayo #ZimbabweanDiaspora #News #SouthernAfrica","2026-09-28","14:30:00","false","false","false","false","false","true","false","false","false","false","false","https://mutapatimes.com/img/cards/newsletter-promo-curation.png","","","","","","","","","","Subscribe — 30+ sources, one briefing","","","","","","","","","","","","","","","","","","","","","","","","","POST","","","","","","","","","","","","","","","","","","","","","","","","","","","","","","","","","","","","","","","","","","","",""
"5 minutes. Twice a week. 🇿🇼

The Mutapa Times Briefing is a free, twice-weekly Zimbabwe news email. 30+ sources, curated down to the 10-15 stories that actually matter.

Mondays and Thursdays. 5-minute read.

Tap the link in our bio to subscribe — it's free.

#Zimbabwe #ZimbabweNews #Africa #ZimDiaspora #Newsletter #Harare #Bulawayo #ZimbabweanDiaspora #News #SouthernAfrica","2026-09-29","14:30:00","false","false","false","false","false","true","false","false","false","false","false","https://mutapatimes.com/img/cards/newsletter-promo-time.png","","","","","","","","","","Subscribe — 5 minutes. Twice a week.","","","","","","","","","","","","","","","","","","","","","","","","","POST","","","","","","","","","","","","","","","","","","","","","","","","","","","","","","","","","","","","","","","","","","","",""
"Southern Africa outside-in 🇿🇼

The Mutapa Times Briefing is a free, twice-weekly Zimbabwe news email. 30+ sources, curated down to the 10-15 stories that actually matter.

Mondays and Thursdays. 5-minute read.

Tap the link in our bio to subscribe — it's free.

#Zimbabwe #ZimbabweNews #Africa #ZimDiaspora #Newsletter #Harare #Bulawayo #ZimbabweanDiaspora #News #SouthernAfrica","2026-09-30","14:30:00","false","false","false","false","false","true","false","false","false","false","false","https://mutapatimes.com/img/cards/newsletter-promo-diaspora.png","","","","","","","","","","Subscribe — Southern Africa outside-in","","","","","","","","","","","","","","","","","","","","","","","","","POST","","","","","","","","","","","","","","","","","","","","","","","","","","","","","","","","","","","","","","","","","","","",""
"Know what's moving — first 🇿🇼

The Mutapa Times Briefing is a free, twice-weekly Zimbabwe news email. 30+ sources, curated down to the 10-15 stories that actually matter.

Mondays and Thursdays. 5-minute read.

Tap the link in our bio to subscribe — it's free.

#Zimbabwe #ZimbabweNews #Africa #ZimDiaspora #Newsletter #Harare #Bulawayo #ZimbabweanDiaspora #News #SouthernAfrica","2026-09-30","17:30:00","false","false","false","false","false","true","false","false","false","false","false","https://mutapatimes.com/img/cards/newsletter-promo-insider.png","","","","","","","","","","Subscribe — Know what's moving — first","","","","","","","","","","","","","","","","","","","","","","","","","POST","","","","","","","","","","","","","","","","","","","","","","","","","","","","","","","","","","","","","","","","","","","",""
"Zimbabwe housing market — what's on right now.

22 active listings, asking prices $40K–$2.3M. Concentration in Arlington, Gletwin Park, Helensvale, Mount Pleasant.

Live snapshot updated every 6h, sourced from property.co.zw, with our economic-context overlay.

Browse: https://mutapatimes.com/property.html

#Zimbabwe #Property #RealEstate #Harare","2026-09-30","10:00:00","false","false","false","true","false","false","false","false","false","false","false","https://mutapatimes.com/img/cards/weekly-property-snapshot.png","","","","","","","","","","Zim property snapshot","","","","","","","","","","","","","","","","","","","","","","","","","","","","","","","","","","","","","","","","","","","","","","","","","","","","","","","","","POST","","","","","","","true","","","","",""
"Zimbabwe houses for sale this week 🏠

22 listings on the market. Asking prices range from $40K to $2.3M. Hotspots: Arlington, Gletwin Park, Helensvale, Mount Pleasant.

Would you live in any of these?

Browse all: https://mutapatimes.com/property.html","2026-09-30","10:10:00","false","true","false","false","false","false","false","false","false","false","false","https://mutapatimes.com/img/cards/weekly-property-snapshot.png","","","","","","","","","","Zim property snapshot","","","","","","","","","","","","","","","","","","","","","","","","","","","","","","","","","","","POST","","","","","","","","","","","","","","","","","","","","","","","","","","","","","","","","","",""
"Zim property snapshot 🏘️

22 listings · $40K–$2.3M · mostly Arlington

Live feed: https://mutapatimes.com/property.html

#Zimbabwe #Property","2026-09-30","10:20:00","false","false","false","false","false","false","false","false","false","true","false","https://mutapatimes.com/img/cards/weekly-property-snapshot.png","","","","","","","","","","Zim property snapshot","","","","","","","","","","","","","","","","","","","","","","","","","","","","","","","","","","","","","","","","","","","","","","","","","","","","","","","","","","","","","","","","","","","","POST",""
"Zim property this week: 22 active listings, $40K–$2.3M. Hotspots: Arlington, Gletwin Park.
https://mutapatimes.com/property.html

#Zimbabwe #Property #RealEstate","2026-09-30","10:30:00","false","false","true","false","false","false","false","false","false","false","false","https://mutapatimes.com/img/cards/weekly-property-snapshot.png","","","","","","","","","","Zim property snapshot","","","","","","","","","","","","","","","POST","","","","","","","","","","","","","","","","","","","","","","","","","","","","","","","","","","","","","","","","","","","","","","","","","","","","","",""
"Zimbabwe houses for sale this week 🏠🇿🇼

22 active listings on the market right now, asking prices from $40K all the way to $2.3M. The big hotspots: Arlington, Gletwin Park, Helensvale, Mount Pleasant.

From townhouses in Vainona to family homes in Bulawayo — see the live feed with photos and prices on our property index.

Tap the link in bio → property page (live, updates every 6h).

#Zimbabwe #ZimbabweProperty #Harare #Bulawayo #ZimRealEstate #PropertyZW #ZimDiaspora #AfricaProperty","2026-09-30","10:40:00","false","false","false","false","false","true","false","false","false","false","false","https://mutapatimes.com/img/cards/weekly-property-snapshot.png","","","","","","","","","","Zim property snapshot","","","","","","","","","","","","","","","","","","","","","","","","","POST","","","","","","","","","","","","","","","","","","","","","","","","","","","","","","","","","","","","","","","","","","","",""
"🇿🇼 Did you know?

Zim Household employers sector ↗️ +0.7% YoY. 2025 Q4: $0.1B.
https://mutapatimes.com/economy.html

#Zimbabwe #Economy #GDP","2026-10-01","07:00:00","false","false","true","false","false","false","false","false","false","false","false","","","","","","","","","","","","","","","","","","","","","","","","","","POST","","","","","","","","","","","","","","","","","","","","","","","","","","","","","","","","","","","","","","","","","","","","","","","","","","","","","",""
"🇿🇼 Did you know?

Zim Education sector ↗️ +2.6% YoY. 2025 Q4: $0.8B.
https://mutapatimes.com/economy.html

#Zimbabwe #Economy #GDP","2026-09-28","12:00:00","false","false","true","false","false","false","false","false","false","false","false","","","","","","","","","","","","","","","","","","","","","","","","","","POST","","","","","","","","","","","","","","","","","","","","","","","","","","","","","","","","","","","","","","","","","","","","","","","","","","","","","",""
"🇿🇼 Did you know?

Manufacturing = 14.5% of Zim GDP in 2025 Q4 — $2.8B.
https://mutapatimes.com/economy.html

#Zimbabwe #Economy #GDP","2026-09-28","15:00:00","false","false","true","false","false","false","false","false","false","false","false","","","","","","","","","","","","","","","","","","","","","","","","","","POST","","","","","","","","","","","","","","","","","","","","","","","","","","","","","","","","","","","","","","","","","","","","","","","","","","","","","",""
"🇿🇼 Did you know?

Zim Wholesale & retail sector ↗️ +1.3% YoY. 2025 Q4: $2.1B.
https://mutapatimes.com/economy.html

#Zimbabwe #Economy #GDP","2026-09-28","18:00:00","false","false","true","false","false","false","false","false","false","false","false","","","","","","","","","","","","","","","","","","","","","","","","","","POST","","","","","","","","","","","","","","","","","","","","","","","","","","","","","","","","","","","","","","","","","","","","","","","","","","","","","",""
"🇿🇼 Did you know?

Zim Arts, entertainment and recreation sector ↗️ +7.0% YoY. 2025 Q4: $0.0B.
https://mutapatimes.com/economy.html

#Zimbabwe #Economy #GDP","2026-09-29","07:00:00","false","false","true","false","false","false","false","false","false","false","false","","","","","","","","","","","","","","","","","","","","","","","","","","POST","","","","","","","","","","","","","","","","","","","","","","","","","","","","","","","","","","","","","","","","","","","","","","","","","","","","","",""
"🇿🇼 Did you know?

Real estate activities = 2.5% of Zim GDP in 2025 Q4 — $0.5B.
https://mutapatimes.com/economy.html

#Zimbabwe #Economy #GDP","2026-09-29","12:00:00","false","false","true","false","false","false","false","false","false","false","false","","","","","","","","","","","","","","","","","","","","","","","","","","POST","","","","","","","","","","","","","","","","","","","","","","","","","","","","","","","","","","","","","","","","","","","","","","","","","","","","","",""
"🇿🇼 Did you know?

Top 3 Zim sectors = 41% of GDP: Mining, Manufacturing, Wholesale & retail.
https://mutapatimes.com/economy.html

#Zimbabwe #Economy #GDP","2026-09-29","15:00:00","false","false","true","false","false","false","false","false","false","false","false","","","","","","","","","","","","","","","","","","","","","","","","","","POST","","","","","","","","","","","","","","","","","","","","","","","","","","","","","","","","","","","","","","","","","","","","","","","","","","","","","",""
"🇿🇼 Did you know?

Accommodation and food service activities = 2.3% of Zim GDP in 2025 Q4 — $0.4B.
https://mutapatimes.com/economy.html

#Zimbabwe #Economy #GDP","2026-09-29","18:00:00","false","false","true","false","false","false","false","false","false","false","false","","","","","","","","","","","","","","","","","","","","","","","","","","POST","","","","","","","","","","","","","","","","","","","","","","","","","","","","","","","","","","","","","","","","","","","","","","","","","","","","","",""
"🇿🇼 Did you know?

Human health and social work activities = 2.0% of Zim GDP in 2025 Q4 — $0.4B.
https://mutapatimes.com/economy.html

#Zimbabwe #Economy #GDP","2026-09-30","07:00:00","false","false","true","false","false","false","false","false","false","false","false","","","","","","","","","","","","","","","","","","","","","","","","","","POST","","","","","","","","","","","","","","","","","","","","","","","","","","","","","","","","","","","","","","","","","","","","","","","","","","","","","",""
"🇿🇼 Did you know?

Arlington alone has 3 of the 22 active Zim listings — 14% of the market this week.
https://mutapatimes.com/property.html

#Zimbabwe #Property #RealEstate","2026-09-30","12:00:00","false","false","true","false","false","false","false","false","false","false","false","","","","","","","","","","","","","","","","","","","","","","","","","","POST","","","","","","","","","","","","","","","","","","","","","","","","","","","","","","","","","","","","","","","","","","","","","","","","","","","","","",""
"🇿🇼 Did you know?

Zim Accommodation and food service activities sector ↗️ +15.7% YoY. 2025 Q4: $0.4B.
https://mutapatimes.com/economy.html

#Zimbabwe #Economy #GDP","2026-09-30","15:00:00","false","false","true","false","false","false","false","false","false","false","false","","","","","","","","","","","","","","","","","","","","","","","","","","POST","","","","","","","","","","","","","","","","","","","","","","","","","","","","","","","","","","","","","","","","","","","","","","","","","","","","","",""
"🇿🇼 Did you know?

Zim Agriculture & forestry sector ↗️ +22.6% YoY. 2025 Q4: $2.1B.
https://mutapatimes.com/economy.html

#Zimbabwe #Economy #GDP","2026-09-30","18:00:00","false","false","true","false","false","false","false","false","false","false","false","","","","","","","","","","","","","","","","","","","","","","","","","","POST","","","","","","","","","","","","","","","","","","","","","","","","","","","","","","","","","","","","","","","","","","","","","","","","","","","","","",""
"Tsumo yezuva 🇿🇼

“Zviri muvanhu hazvienzani.”
— What is in people is not equal.

#Zimbabwe #Shona #Tsumo","2026-10-01","06:00:00","false","false","true","false","false","false","false","false","false","false","false","","","","","","","","","","","","","","","","","","","","","","","","","","POST","","","","","","","","","","","","","","","","","","","","","","","","","","","","","","","","","","","","","","","","","","","","","","","","","","","","","",""
"Tsumo yezuva 🇿🇼

“Murombo munhu.”
— A poor person is still a person.

#Zimbabwe #Shona #Tsumo","2026-09-29","06:00:00","false","false","true","false","false","false","false","false","false","false","false","","","","","","","","","","","","","","","","","","","","","","","","","","POST","","","","","","","","","","","","","","","","","","","","","","","","","","","","","","","","","","","","","","","","","","","","","","","","","","","","","",""
"Tsumo yezuva 🇿🇼

“Zano pangwa une rako.”
— Accept advice, but keep your own counsel.

#Zimbabwe #Shona #Tsumo","2026-09-30","06:00:00","false","false","true","false","false","false","false","false","false","false","false","","","","","","","","","","","","","","","","","","","","","","","","","","POST","","","","","","","","","","","","","","","","","","","","","","","","","","","","","","","","","","","","","","","","","","","","","","","","","","","","","",""
"It is official: Air Zimbabwe is returning to London. From 1 July the national flag flies the Harare to London route again, for the first time in over a decade.

Read the exclusive: https://mutapatimes.com/articles/2026-06-07-air-zimbabwe-returns-to-london-plus-ultra-acmi.html

#AirZimbabwe #Harare #London #Zimbabwe","2026-09-28","09:00:00","false","false","false","true","false","false","false","false","false","false","false","https://mutapatimes.com/img/cards/campaign/2026-06-07-air-zimbabwe-returns-to-london-plus-ultra-acmi-return.png","","","","","","","","","","Air Zimbabwe is going back to London","","","","","","","","","","","","","","","","","","","","","","","","","","","","","","","","","","","","","","","","","","","","","","","","","","","","","","","","","POST","","","","","","","true","","","","",""
"It is official: Air Zimbabwe is returning to London. From 1 July the national flag flies the Harare to London route again, for the first time in over a decade.

Read the exclusive: https://mutapatimes.com/articles/2026-06-07-air-zimbabwe-returns-to-london-plus-ultra-acmi.html

#AirZimbabwe #Harare #London #Zimbabwe","2026-09-28","09:07:00","false","true","false","false","false","false","false","false","false","false","false","https://mutapatimes.com/img/cards/campaign/2026-06-07-air-zimbabwe-returns-to-london-plus-ultra-acmi-return.png","","","","","","","","","","Air Zimbabwe is going back to London","","","","","","","","","","","","","","","","","","","","","","","","","","","","","","","","","","","POST","","","","","","","","","","","","","","","","","","","","","","","","","","","","","","","","","",""
"It is official: Air Zimbabwe is returning to London. From 1 July the national flag flies the Harare to London route again, for the first time in over a decade.

Read the exclusive: https://mutapatimes.com/articles/2026-06-07-air-zimbabwe-returns-to-london-plus-ultra-acmi.html

#AirZimbabwe #Harare #London #Zimbabwe","2026-09-28","09:14:00","false","false","false","false","false","false","false","false","false","true","false","https://mutapatimes.com/img/cards/campaign/2026-06-07-air-zimbabwe-returns-to-london-plus-ultra-acmi-return.png","","","","","","","","","","Air Zimbabwe is going back to London","","","","","","","","","","","","","","","","","","","","","","","","","","","","","","","","","","","","","","","","","","","","","","","","","","","","","","","","","","","","","","","","","","","","POST",""
"It is official: Air Zimbabwe is returning to London. From 1 July the national flag flies the Harare to London route again, for the first time in over a decade.

Read the exclusive: https://mutapatimes.com/articles/2026-06-07-air-zimbabwe-returns-to-london-plus-ultra-acmi.html

#AirZimbabwe #Harare #London #Zimbabwe","2026-09-28","09:21:00","false","false","true","false","false","false","false","false","false","false","false","https://mutapatimes.com/img/cards/campaign/2026-06-07-air-zimbabwe-returns-to-london-plus-ultra-acmi-return.png","","","","","","","","","","Air Zimbabwe is going back to London","","","","","","","","","","","","","","","POST","","","","","","","","","","","","","","","","","","","","","","","","","","","","","","","","","","","","","","","","","","","","","","","","","","","","","",""
"It is official: Air Zimbabwe is returning to London. From 1 July the national flag flies the Harare to London route again, for the first time in over a decade.

Read the exclusive: https://mutapatimes.com/articles/2026-06-07-air-zimbabwe-returns-to-london-plus-ultra-acmi.html

#AirZimbabwe #Harare #London #Zimbabwe","2026-09-28","09:28:00","false","false","false","false","false","true","false","false","false","false","false","https://mutapatimes.com/img/cards/campaign/2026-06-07-air-zimbabwe-returns-to-london-plus-ultra-acmi-return.png","","","","","","","","","","Air Zimbabwe is going back to London","","","","","","","","","","","","","","","","","","","","","","","","","POST","","","","","","","","","","","","","","","","","","","","","","","","","","","","","","","","","","","","","","","","","","","",""
"Circle 1 July. That is the day a wide-body lifts off from Harare for London under the Air Zimbabwe code, several times a week.

Read the exclusive: https://mutapatimes.com/articles/2026-06-07-air-zimbabwe-returns-to-london-plus-ultra-acmi.html

#AirZimbabwe #Harare #London #Zimbabwe","2026-09-29","09:00:00","false","false","false","true","false","false","false","false","false","false","false","https://mutapatimes.com/img/cards/campaign/2026-06-07-air-zimbabwe-returns-to-london-plus-ultra-acmi-date.png","","","","","","","","","","Mark the date: Harare to London, 1 July","","","","","","","","","","","","","","","","","","","","","","","","","","","","","","","","","","","","","","","","","","","","","","","","","","","","","","","","","POST","","","","","","","true","","","","",""
"Circle 1 July. That is the day a wide-body lifts off from Harare for London under the Air Zimbabwe code, several times a week.

Read the exclusive: https://mutapatimes.com/articles/2026-06-07-air-zimbabwe-returns-to-london-plus-ultra-acmi.html

#AirZimbabwe #Harare #London #Zimbabwe","2026-09-29","09:07:00","false","true","false","false","false","false","false","false","false","false","false","https://mutapatimes.com/img/cards/campaign/2026-06-07-air-zimbabwe-returns-to-london-plus-ultra-acmi-date.png","","","","","","","","","","Mark the date: Harare to London, 1 July","","","","","","","","","","","","","","","","","","","","","","","","","","","","","","","","","","","POST","","","","","","","","","","","","","","","","","","","","","","","","","","","","","","","","","",""
"Circle 1 July. That is the day a wide-body lifts off from Harare for London under the Air Zimbabwe code, several times a week.

Read the exclusive: https://mutapatimes.com/articles/2026-06-07-air-zimbabwe-returns-to-london-plus-ultra-acmi.html

#AirZimbabwe #Harare #London #Zimbabwe","2026-09-29","09:14:00","false","false","false","false","false","false","false","false","false","true","false","https://mutapatimes.com/img/cards/campaign/2026-06-07-air-zimbabwe-returns-to-london-plus-ultra-acmi-date.png","","","","","","","","","","Mark the date: Harare to London, 1 July","","","","","","","","","","","","","","","","","","","","","","","","","","","","","","","","","","","","","","","","","","","","","","","","","","","","","","","","","","","","","","","","","","","","POST",""
"Circle 1 July. That is the day a wide-body lifts off from Harare for London under the Air Zimbabwe code, several times a week.

Read the exclusive: https://mutapatimes.com/articles/2026-06-07-air-zimbabwe-returns-to-london-plus-ultra-acmi.html

#AirZimbabwe #Harare #London #Zimbabwe","2026-09-29","09:21:00","false","false","true","false","false","false","false","false","false","false","false","https://mutapatimes.com/img/cards/campaign/2026-06-07-air-zimbabwe-returns-to-london-plus-ultra-acmi-date.png","","","","","","","","","","Mark the date: Harare to London, 1 July","","","","","","","","","","","","","","","POST","","","","","","","","","","","","","","","","","","","","","","","","","","","","","","","","","","","","","","","","","","","","","","","","","","","","","",""
"Circle 1 July. That is the day a wide-body lifts off from Harare for London under the Air Zimbabwe code, several times a week.

Read the exclusive: https://mutapatimes.com/articles/2026-06-07-air-zimbabwe-returns-to-london-plus-ultra-acmi.html

#AirZimbabwe #Harare #London #Zimbabwe","2026-09-29","09:28:00","false","false","false","false","false","true","false","false","false","false","false","https://mutapatimes.com/img/cards/campaign/2026-06-07-air-zimbabwe-returns-to-london-plus-ultra-acmi-date.png","","","","","","","","","","Mark the date: Harare to London, 1 July","","","","","","","","","","","","","","","","","","","","","","","","","POST","","","","","","","","","","","","","","","","","","","","","","","","","","","","","","","","","","","","","","","","","","","",""
"Still on the UK safety list, yet flying to London? Here is the clever, fully legal wet-lease that makes the return possible.

Read the exclusive: https://mutapatimes.com/articles/2026-06-07-air-zimbabwe-returns-to-london-plus-ultra-acmi.html

#AirZimbabwe #Harare #London #Zimbabwe","2026-09-30","09:00:00","false","false","false","true","false","false","false","false","false","false","false","https://mutapatimes.com/img/cards/campaign/2026-06-07-air-zimbabwe-returns-to-london-plus-ultra-acmi-how.png","","","","","","","","","","How Air Zimbabwe got back to London","","","","","","","","","","","","","","","","","","","","","","","","","","","","","","","","","","","","","","","","","","","","","","","","","","","","","","","","","POST","","","","","","","true","","","","",""
"Still on the UK safety list, yet flying to London? Here is the clever, fully legal wet-lease that makes the return possible.

Read the exclusive: https://mutapatimes.com/articles/2026-06-07-air-zimbabwe-returns-to-london-plus-ultra-acmi.html

#AirZimbabwe #Harare #London #Zimbabwe","2026-09-30","09:07:00","false","true","false","false","false","false","false","false","false","false","false","https://mutapatimes.com/img/cards/campaign/2026-06-07-air-zimbabwe-returns-to-london-plus-ultra-acmi-how.png","","","","","","","","","","How Air Zimbabwe got back to London","","","","","","","","","","","","","","","","","","","","","","","","","","","","","","","","","","","POST","","","","","","","","","","","","","","","","","","","","","","","","","","","","","","","","","",""
"Still on the UK safety list, yet flying to London? Here is the clever, fully legal wet-lease that makes the return possible.

Read the exclusive: https://mutapatimes.com/articles/2026-06-07-air-zimbabwe-returns-to-london-plus-ultra-acmi.html

#AirZimbabwe #Harare #London #Zimbabwe","2026-09-30","09:14:00","false","false","false","false","false","false","false","false","false","true","false","https://mutapatimes.com/img/cards/campaign/2026-06-07-air-zimbabwe-returns-to-london-plus-ultra-acmi-how.png","","","","","","","","","","How Air Zimbabwe got back to London","","","","","","","","","","","","","","","","","","","","","","","","","","","","","","","","","","","","","","","","","","","","","","","","","","","","","","","","","","","","","","","","","","","","POST",""
"Still on the UK safety list, yet flying to London? Here is the clever, fully legal wet-lease that makes the return possible.

Read the exclusive: https://mutapatimes.com/articles/2026-06-07-air-zimbabwe-returns-to-london-plus-ultra-acmi.html

#AirZimbabwe #Harare #London #Zimbabwe","2026-09-30","09:21:00","false","false","true","false","false","false","false","false","false","false","false","https://mutapatimes.com/img/cards/campaign/2026-06-07-air-zimbabwe-returns-to-london-plus-ultra-acmi-how.png","","","","","","","","","","How Air Zimbabwe got back to London","","","","","","","","","","","","","","","POST","","","","","","","","","","","","","","","","","","","","","","","","","","","","","","","","","","","","","","","","","","","","","","","","","","","","","",""
"Still on the UK safety list, yet flying to London? Here is the clever, fully legal wet-lease that makes the return possible.

Read the exclusive: https://mutapatimes.com/articles/2026-06-07-air-zimbabwe-returns-to-london-plus-ultra-acmi.html

#AirZimbabwe #Harare #London #Zimbabwe","2026-09-30","09:28:00","false","false","false","false","false","true","false","false","false","false","false","https://mutapatimes.com/img/cards/campaign/2026-06-07-air-zimbabwe-returns-to-london-plus-ultra-acmi-how.png","","","","","","","","","","How Air Zimbabwe got back to London","","","","","","","","","","","","","","","","","","","","","","","","","POST","","","","","","","","","","","","","","","","","","","","","","","","","","","","","","","","","","","","","","","","","","","",""
"A modern Airbus A330 will fly the ten-and-a-half-hour Harare to London corridor. Quiet cabin, proven economics, serious comfort.

Read the exclusive: https://mutapatimes.com/articles/2026-06-07-air-zimbabwe-returns-to-london-plus-ultra-acmi.html

#AirZimbabwe #Harare #London #Zimbabwe","2026-10-01","09:00:00","false","false","false","true","false","false","false","false","false","false","false","https://mutapatimes.com/img/cards/campaign/2026-06-07-air-zimbabwe-returns-to-london-plus-ultra-acmi-aircraft.png","","","","","","","","","","An Airbus A330 on the London run again","","","","","","","","","","","","","","","","","","","","","","","","","","","","","","","","","","","","","","","","","","","","","","","","","","","","","","","","","POST","","","","","","","true","","","","",""
"A modern Airbus A330 will fly the ten-and-a-half-hour Harare to London corridor. Quiet cabin, proven economics, serious comfort.

Read the exclusive: https://mutapatimes.com/articles/2026-06-07-air-zimbabwe-returns-to-london-plus-ultra-acmi.html

#AirZimbabwe #Harare #London #Zimbabwe","2026-10-01","09:07:00","false","true","false","false","false","false","false","false","false","false","false","https://mutapatimes.com/img/cards/campaign/2026-06-07-air-zimbabwe-returns-to-london-plus-ultra-acmi-aircraft.png","","","","","","","","","","An Airbus A330 on the London run again","","","","","","","","","","","","","","","","","","","","","","","","","","","","","","","","","","","POST","","","","","","","","","","","","","","","","","","","","","","","","","","","","","","","","","",""
"A modern Airbus A330 will fly the ten-and-a-half-hour Harare to London corridor. Quiet cabin, proven economics, serious comfort.

Read the exclusive: https://mutapatimes.com/articles/2026-06-07-air-zimbabwe-returns-to-london-plus-ultra-acmi.html

#AirZimbabwe #Harare #London #Zimbabwe","2026-10-01","09:14:00","false","false","false","false","false","false","false","false","false","true","false","https://mutapatimes.com/img/cards/campaign/2026-06-07-air-zimbabwe-returns-to-london-plus-ultra-acmi-aircraft.png","","","","","","","","","","An Airbus A330 on the London run again","","","","","","","","","","","","","","","","","","","","","","","","","","","","","","","","","","","","","","","","","","","","","","","","","","","","","","","","","","","","","","","","","","","","POST",""
"A modern Airbus A330 will fly the ten-and-a-half-hour Harare to London corridor. Quiet cabin, proven economics, serious comfort.

Read the exclusive: https://mutapatimes.com/articles/2026-06-07-air-zimbabwe-returns-to-london-plus-ultra-acmi.html

#AirZimbabwe #Harare #London #Zimbabwe","2026-10-01","09:21:00","false","false","true","false","false","false","false","false","false","false","false","https://mutapatimes.com/img/cards/campaign/2026-06-07-air-zimbabwe-returns-to-london-plus-ultra-acmi-aircraft.png","","","","","","","","","","An Airbus A330 on the London run again","","","","","","","","","","","","","","","POST","","","","","","","","","","","","","","","","","","","","","","","","","","","","","","","","","","","","","","","","","","","","","","","","","","","","","",""
"A modern Airbus A330 will fly the ten-and-a-half-hour Harare to London corridor. Quiet cabin, proven economics, serious comfort.

Read the exclusive: https://mutapatimes.com/articles/2026-06-07-air-zimbabwe-returns-to-london-plus-ultra-acmi.html

#AirZimbabwe #Harare #London #Zimbabwe","2026-10-01","09:28:00","false","false","false","false","false","true","false","false","false","false","false","https://mutapatimes.com/img/cards/campaign/2026-06-07-air-zimbabwe-returns-to-london-plus-ultra-acmi-aircraft.png","","","","","","","","","","An Airbus A330 on the London run again","","","","","","","","","","","","","","","","","","","","","","","","","POST","","","","","","","","","","","","","","","","","","","","","","","","","","","","","","","","","","","","","","","","","","","",""
"For one of the world's largest Zimbabwean diaspora communities, this is a family route restored. Home just got a little closer.

Read the exclusive: https://mutapatimes.com/articles/2026-06-07-air-zimbabwe-returns-to-london-plus-ultra-acmi.html

#AirZimbabwe #Harare #London #Zimbabwe","2026-10-02","09:00:00","false","false","false","true","false","false","false","false","false","false","false","https://mutapatimes.com/img/cards/campaign/2026-06-07-air-zimbabwe-returns-to-london-plus-ultra-acmi-diaspora.png","","","","","","","","","","A direct line home for the UK diaspora","","","","","","","","","","","","","","","","","","","","","","","","","","","","","","","","","","","","","","","","","","","","","","","","","","","","","","","","","POST","","","","","","","true","","","","",""
"For one of the world's largest Zimbabwean diaspora communities, this is a family route restored. Home just got a little closer.

Read the exclusive: https://mutapatimes.com/articles/2026-06-07-air-zimbabwe-returns-to-london-plus-ultra-acmi.html

#AirZimbabwe #Harare #London #Zimbabwe","2026-10-02","09:07:00","false","true","false","false","false","false","false","false","false","false","false","https://mutapatimes.com/img/cards/campaign/2026-06-07-air-zimbabwe-returns-to-london-plus-ultra-acmi-diaspora.png","","","","","","","","","","A direct line home for the UK diaspora","","","","","","","","","","","","","","","","","","","","","","","","","","","","","","","","","","","POST","","","","","","","","","","","","","","","","","","","","","","","","","","","","","","","","","",""
"For one of the world's largest Zimbabwean diaspora communities, this is a family route restored. Home just got a little closer.

Read the exclusive: https://mutapatimes.com/articles/2026-06-07-air-zimbabwe-returns-to-london-plus-ultra-acmi.html

#AirZimbabwe #Harare #London #Zimbabwe","2026-10-02","09:14:00","false","false","false","false","false","false","false","false","false","true","false","https://mutapatimes.com/img/cards/campaign/2026-06-07-air-zimbabwe-returns-to-london-plus-ultra-acmi-diaspora.png","","","","","","","","","","A direct line home for the UK diaspora","","","","","","","","","","","","","","","","","","","","","","","","","","","","","","","","","","","","","","","","","","","","","","","","","","","","","","","","","","","","","","","","","","","","POST",""
"For one of the world's largest Zimbabwean diaspora communities, this is a family route restored. Home just got a little closer.

Read the exclusive: https://mutapatimes.com/articles/2026-06-07-air-zimbabwe-returns-to-london-plus-ultra-acmi.html

#AirZimbabwe #Harare #London #Zimbabwe","2026-10-02","09:21:00","false","false","true","false","false","false","false","false","false","false","false","https://mutapatimes.com/img/cards/campaign/2026-06-07-air-zimbabwe-returns-to-london-plus-ultra-acmi-diaspora.png","","","","","","","","","","A direct line home for the UK diaspora","","","","","","","","","","","","","","","POST","","","","","","","","","","","","","","","","","","","","","","","","","","","","","","","","","","","","","","","","","","","","","","","","","","","","","",""
"For one of the world's largest Zimbabwean diaspora communities, this is a family route restored. Home just got a little closer.

Read the exclusive: https://mutapatimes.com/articles/2026-06-07-air-zimbabwe-returns-to-london-plus-ultra-acmi.html

#AirZimbabwe #Harare #London #Zimbabwe","2026-10-02","09:28:00","false","false","false","false","false","true","false","false","false","false","false","https://mutapatimes.com/img/cards/campaign/2026-06-07-air-zimbabwe-returns-to-london-plus-ultra-acmi-diaspora.png","","","","","","","","","","A direct line home for the UK diaspora","","","","","","","","","","","","","","","","","","","","","","","","","POST","","","","","","","","","","","","","","","","","","","","","","","","","","","","","","","","","","","","","","","","","","","",""
"The Spanish operator flying the route has done this for more than 100 airlines and three flag carriers in a year. Why that makes the return credible.

Read the exclusive: https://mutapatimes.com/articles/2026-06-07-air-zimbabwe-returns-to-london-plus-ultra-acmi.html

#AirZimbabwe #Harare #London #Zimbabwe","2026-10-03","09:00:00","false","false","false","true","false","false","false","false","false","false","false","https://mutapatimes.com/img/cards/campaign/2026-06-07-air-zimbabwe-returns-to-london-plus-ultra-acmi-plusultra.png","","","","","","","","","","Meet Plus Ultra, the partner behind it","","","","","","","","","","","","","","","","","","","","","","","","","","","","","","","","","","","","","","","","","","","","","","","","","","","","","","","","","POST","","","","","","","true","","","","",""
"The Spanish operator flying the route has done this for more than 100 airlines and three flag carriers in a year. Why that makes the return credible.

Read the exclusive: https://mutapatimes.com/articles/2026-06-07-air-zimbabwe-returns-to-london-plus-ultra-acmi.html

#AirZimbabwe #Harare #London #Zimbabwe","2026-10-03","09:07:00","false","true","false","false","false","false","false","false","false","false","false","https://mutapatimes.com/img/cards/campaign/2026-06-07-air-zimbabwe-returns-to-london-plus-ultra-acmi-plusultra.png","","","","","","","","","","Meet Plus Ultra, the partner behind it","","","","","","","","","","","","","","","","","","","","","","","","","","","","","","","","","","","POST","","","","","","","","","","","","","","","","","","","","","","","","","","","","","","","","","",""
"The Spanish operator flying the route has done this for more than 100 airlines and three flag carriers in a year. Why that makes the return credible.

Read the exclusive: https://mutapatimes.com/articles/2026-06-07-air-zimbabwe-returns-to-london-plus-ultra-acmi.html

#AirZimbabwe #Harare #London #Zimbabwe","2026-10-03","09:14:00","false","false","false","false","false","false","false","false","false","true","false","https://mutapatimes.com/img/cards/campaign/2026-06-07-air-zimbabwe-returns-to-london-plus-ultra-acmi-plusultra.png","","","","","","","","","","Meet Plus Ultra, the partner behind it","","","","","","","","","","","","","","","","","","","","","","","","","","","","","","","","","","","","","","","","","","","","","","","","","","","","","","","","","","","","","","","","","","","","POST",""
"The Spanish operator flying the route has done this for more than 100 airlines and three flag carriers in a year. Why that makes the return credible.

Read the exclusive: https://mutapatimes.com/articles/2026-06-07-air-zimbabwe-returns-to-london-plus-ultra-acmi.html

#AirZimbabwe #Harare #London #Zimbabwe","2026-10-03","09:21:00","false","false","true","false","false","false","false","false","false","false","false","https://mutapatimes.com/img/cards/campaign/2026-06-07-air-zimbabwe-returns-to-london-plus-ultra-acmi-plusultra.png","","","","","","","","","","Meet Plus Ultra, the partner behind it","","","","","","","","","","","","","","","POST","","","","","","","","","","","","","","","","","","","","","","","","","","","","","","","","","","","","","","","","","","","","","","","","","","","","","",""
"The Spanish operator flying the route has done this for more than 100 airlines and three flag carriers in a year. Why that makes the return credible.

Read the exclusive: https://mutapatimes.com/articles/2026-06-07-air-zimbabwe-returns-to-london-plus-ultra-acmi.html

#AirZimbabwe #Harare #London #Zimbabwe","2026-10-03","09:28:00","false","false","false","false","false","true","false","false","false","false","false","https://mutapatimes.com/img/cards/campaign/2026-06-07-air-zimbabwe-returns-to-london-plus-ultra-acmi-plusultra.png","","","","","","","","","","Meet Plus Ultra, the partner behind it","","","","","","","","","","","","","","","","","","","","","","","","","POST","","","","","","","","","","","","","","","","","","","","","","","","","","","","","","","","","","","","","","","","","","","",""
"Rent reliability, sell seats, rebuild the route: why this deal could be the runway to Air Zimbabwe's wider revival.

Read the exclusive: https://mutapatimes.com/articles/2026-06-07-air-zimbabwe-returns-to-london-plus-ultra-acmi.html

#AirZimbabwe #Harare #London #Zimbabwe","2026-10-04","09:00:00","false","false","false","true","false","false","false","false","false","false","false","https://mutapatimes.com/img/cards/campaign/2026-06-07-air-zimbabwe-returns-to-london-plus-ultra-acmi-future.png","","","","","","","","","","What the London return signals next","","","","","","","","","","","","","","","","","","","","","","","","","","","","","","","","","","","","","","","","","","","","","","","","","","","","","","","","","POST","","","","","","","true","","","","",""
"Rent reliability, sell seats, rebuild the route: why this deal could be the runway to Air Zimbabwe's wider revival.

Read the exclusive: https://mutapatimes.com/articles/2026-06-07-air-zimbabwe-returns-to-london-plus-ultra-acmi.html

#AirZimbabwe #Harare #London #Zimbabwe","2026-10-04","09:07:00","false","true","false","false","false","false","false","false","false","false","false","https://mutapatimes.com/img/cards/campaign/2026-06-07-air-zimbabwe-returns-to-london-plus-ultra-acmi-future.png","","","","","","","","","","What the London return signals next","","","","","","","","","","","","","","","","","","","","","","","","","","","","","","","","","","","POST","","","","","","","","","","","","","","","","","","","","","","","","","","","","","","","","","",""
"Rent reliability, sell seats, rebuild the route: why this deal could be the runway to Air Zimbabwe's wider revival.

Read the exclusive: https://mutapatimes.com/articles/2026-06-07-air-zimbabwe-returns-to-london-plus-ultra-acmi.html

#AirZimbabwe #Harare #London #Zimbabwe","2026-10-04","09:14:00","false","false","false","false","false","false","false","false","false","true","false","https://mutapatimes.com/img/cards/campaign/2026-06-07-air-zimbabwe-returns-to-london-plus-ultra-acmi-future.png","","","","","","","","","","What the London return signals next","","","","","","","","","","","","","","","","","","","","","","","","","","","","","","","","","","","","","","","","","","","","","","","","","","","","","","","","","","","","","","","","","","","","POST",""
"Rent reliability, sell seats, rebuild the route: why this deal could be the runway to Air Zimbabwe's wider revival.

Read the exclusive: https://mutapatimes.com/articles/2026-06-07-air-zimbabwe-returns-to-london-plus-ultra-acmi.html

#AirZimbabwe #Harare #London #Zimbabwe","2026-10-04","09:21:00","false","false","true","false","false","false","false","false","false","false","false","https://mutapatimes.com/img/cards/campaign/2026-06-07-air-zimbabwe-returns-to-london-plus-ultra-acmi-future.png","","","","","","","","","","What the London return signals next","","","","","","","","","","","","","","","POST","","","","","","","","","","","","","","","","","","","","","","","","","","","","","","","","","","","","","","","","","","","","","","","","","","","","","",""
"Rent reliability, sell seats, rebuild the route: why this deal could be the runway to Air Zimbabwe's wider revival.

Read the exclusive: https://mutapatimes.com/articles/2026-06-07-air-zimbabwe-returns-to-london-plus-ultra-acmi.html

#AirZimbabwe #Harare #London #Zimbabwe","2026-10-04","09:28:00","false","false","false","false","false","true","false","false","false","false","false","https://mutapatimes.com/img/cards/campaign/2026-06-07-air-zimbabwe-returns-to-london-plus-ultra-acmi-future.png","","","","","","","","","","What the London return signals next","","","","","","","","","","","","","","","","","","","","","","","","","POST","","","","","","","","","","","","","","","","","","","","","","","","","","","","","","","","","","","","","","","","","","","",""
